file_name,s3_key,file_format,file_size_bytes,last_modified,file_url
2013-citibike-tripdata.zip,2013-citibike-tripdata.zip,zip,329797836,2024-02-22T14:26:20.000Z,https://s3.amazonaws.com/tripdata/2013-citibike-tripdata.zip
2014-citibike-tripdata.zip,2014-citibike-tripdata.zip,zip,224608955,2024-02-22T14:26:20.000Z,https://s3.amazonaws.com/tripdata/2014-citibike-tripdata.zip
2015-citibike-tripdata.zip,2015-citibike-tripdata.zip,zip,276450868,2024-02-22T14:26:20.000Z,https://s3.amazonaws.com/tripdata/2015-citibike-tripdata.zip
2016-citibike-tripdata.zip,2016-citibike-tripdata.zip,zip,435167562,2024-02-22T14:26:20.000Z,https://s3.amazonaws.com/tripdata/2016-citibike-tripdata.zip
2017-citibike-tripdata.zip,2017-citibike-tripdata.zip,zip,557126574,2024-02-22T14:26:20.000Z,https://s3.amazonaws.com/tripdata/2017-citibike-tripdata.zip
2018-citibike-tripdata.zip,2018-citibike-tripdata.zip,zip,1337685504,2024-02-22T14:26:20.000Z,https://s3.amazonaws.com/tripdata/2018-citibike-tripdata.zip
2019-citibike-tripdata.zip,2019-citibike-tripdata.zip,zip,858704099,2024-02-22T14:52:46.000Z,https://s3.amazonaws.com/tripdata/2019-citibike-tripdata.zip
2020-citibike-tripdata.zip,2020-citibike-tripdata.zip,zip,751199232,2024-07-31T18:18:37.000Z,https://s3.amazonaws.com/tripdata/2020-citibike-tripdata.zip
2021-citibike-tripdata.zip,2021-citibike-tripdata.zip,zip,1074415437,2024-08-13T12:47:01.000Z,https://s3.amazonaws.com/tripdata/2021-citibike-tripdata.zip
2022-citibike-tripdata.zip,2022-citibike-tripdata.zip,zip,1231367136,2024-07-31T18:18:37.000Z,https://s3.amazonaws.com/tripdata/2022-citibike-tripdata.zip
2023-citibike-tripdata.zip,2023-citibike-tripdata.zip,zip,1602415356,2025-07-03T13:37:44.000Z,https://s3.amazonaws.com/tripdata/2023-citibike-tripdata.zip
202401-citibike-tripdata.zip,202401-citibike-tripdata.zip,zip,369035302,2025-07-03T15:01:20.000Z,https://s3.amazonaws.com/tripdata/202401-citibike-tripdata.zip
202402-citibike-tripdata.zip,202402-citibike-tripdata.zip,zip,414712349,2025-07-03T15:01:20.000Z,https://s3.amazonaws.com/tripdata/202402-citibike-tripdata.zip
202403-citibike-tripdata.zip,202403-citibike-tripdata.zip,zip,520746126,2025-07-03T15:01:20.000Z,https://s3.amazonaws.com/tripdata/202403-citibike-tripdata.zip
202404-citibike-tripdata.zip,202404-citibike-tripdata.zip,zip,629567797,2025-07-03T15:01:20.000Z,https://s3.amazonaws.com/tripdata/202404-citibike-tripdata.zip
202405-citibike-tripdata.zip,202405-citibike-tripdata.zip,zip,809097529,2025-07-03T15:01:20.000Z,https://s3.amazonaws.com/tripdata/202405-citibike-tripdata.zip
202406-citibike-tripdata.zip,202406-citibike-tripdata.zip,zip,936046329,2025-07-09T15:30:28.000Z,https://s3.amazonaws.com/tripdata/202406-citibike-tripdata.zip
202407-citibike-tripdata.zip,202407-citibike-tripdata.zip,zip,923324464,2025-07-03T15:01:20.000Z,https://s3.amazonaws.com/tripdata/202407-citibike-tripdata.zip
202408-citibike-tripdata.zip,202408-citibike-tripdata.zip,zip,900042686,2025-07-03T15:01:20.000Z,https://s3.amazonaws.com/tripdata/202408-citibike-tripdata.zip
202409-citibike-tripdata.zip,202409-citibike-tripdata.zip,zip,976527118,2025-07-03T15:01:20.000Z,https://s3.amazonaws.com/tripdata/202409-citibike-tripdata.zip
202410-citibike-tripdata.zip,202410-citibike-tripdata.zip,zip,1006602893,2025-07-03T15:01:20.000Z,https://s3.amazonaws.com/tripdata/202410-citibike-tripdata.zip
202411-citibike-tripdata.zip,202411-citibike-tripdata.zip,zip,724347545,2025-07-03T15:01:20.000Z,https://s3.amazonaws.com/tripdata/202411-citibike-tripdata.zip
202412-citibike-tripdata.zip,202412-citibike-tripdata.zip,zip,450806412,2025-07-03T15:01:20.000Z,https://s3.amazonaws.com/tripdata/202412-citibike-tripdata.zip
202501-citibike-tripdata.zip,202501-citibike-tripdata.zip,zip,414213312,2025-07-03T15:41:08.000Z,https://s3.amazonaws.com/tripdata/202501-citibike-tripdata.zip
202502-citibike-tripdata.zip,202502-citibike-tripdata.zip,zip,396008433,2025-07-03T15:41:08.000Z,https://s3.amazonaws.com/tripdata/202502-citibike-tripdata.zip
202503-citibike-tripdata.zip,202503-citibike-tripdata.zip,zip,618260276,2025-07-03T15:41:08.000Z,https://s3.amazonaws.com/tripdata/202503-citibike-tripdata.zip
202504-citibike-tripdata.zip,202504-citibike-tripdata.zip,zip,727249076,2025-07-03T15:41:08.000Z,https://s3.amazonaws.com/tripdata/202504-citibike-tripdata.zip
202505-citibike-tripdata.zip,202505-citibike-tripdata.zip,zip,844446636,2025-07-03T15:41:08.000Z,https://s3.amazonaws.com/tripdata/202505-citibike-tripdata.zip
202506-citibike-tripdata.zip,202506-citibike-tripdata.zip,zip,929043436,2025-07-06T22:27:06.000Z,https://s3.amazonaws.com/tripdata/202506-citibike-tripdata.zip
202507-citibike-tripdata.zip,202507-citibike-tripdata.zip,zip,973875638,2025-08-05T20:08:09.000Z,https://s3.amazonaws.com/tripdata/202507-citibike-tripdata.zip
202508-citibike-tripdata.zip,202508-citibike-tripdata.zip,zip,1000258641,2025-09-04T20:09:51.000Z,https://s3.amazonaws.com/tripdata/202508-citibike-tripdata.zip
202509-citibike-tripdata.zip,202509-citibike-tripdata.zip,zip,1032411368,2025-10-06T12:14:49.000Z,https://s3.amazonaws.com/tripdata/202509-citibike-tripdata.zip
202510-citibike-tripdata.zip,202510-citibike-tripdata.zip,zip,924115389,2025-11-04T17:01:54.000Z,https://s3.amazonaws.com/tripdata/202510-citibike-tripdata.zip
202511-citibike-tripdata.zip,202511-citibike-tripdata.zip,zip,667113932,2025-12-08T20:10:34.000Z,https://s3.amazonaws.com/tripdata/202511-citibike-tripdata.zip
202512-citibike-tripdata.zip,202512-citibike-tripdata.zip,zip,407790791,2026-01-05T17:13:31.000Z,https://s3.amazonaws.com/tripdata/202512-citibike-tripdata.zip
202601-citibike-tripdata.zip,202601-citibike-tripdata.zip,zip,353829139,2026-02-04T14:46:32.000Z,https://s3.amazonaws.com/tripdata/202601-citibike-tripdata.zip
202602-citibike-tripdata.zip,202602-citibike-tripdata.zip,zip,237639864,2026-03-04T20:26:39.000Z,https://s3.amazonaws.com/tripdata/202602-citibike-tripdata.zip
202603-citibike-tripdata.zip,202603-citibike-tripdata.zip,zip,574841304,2026-04-03T19:07:03.000Z,https://s3.amazonaws.com/tripdata/202603-citibike-tripdata.zip
202604-citibike-tripdata.zip,202604-citibike-tripdata.zip,zip,164592563,2026-05-04T19:04:39.000Z,https://s3.amazonaws.com/tripdata/202604-citibike-tripdata.zip
JC-201509-citibike-tripdata.csv.zip,JC-201509-citibike-tripdata.csv.zip,zip,127657,2017-04-06T21:01:34.000Z,https://s3.amazonaws.com/tripdata/JC-201509-citibike-tripdata.csv.zip
JC-201510-citibike-tripdata.csv.zip,JC-201510-citibike-tripdata.csv.zip,zip,366062,2017-04-06T21:01:35.000Z,https://s3.amazonaws.com/tripdata/JC-201510-citibike-tripdata.csv.zip
JC-201511-citibike-tripdata.csv.zip,JC-201511-citibike-tripdata.csv.zip,zip,288054,2017-04-06T21:01:37.000Z,https://s3.amazonaws.com/tripdata/JC-201511-citibike-tripdata.csv.zip
JC-201512-citibike-tripdata.csv.zip,JC-201512-citibike-tripdata.csv.zip,zip,227741,2017-04-06T21:01:38.000Z,https://s3.amazonaws.com/tripdata/JC-201512-citibike-tripdata.csv.zip
JC-201601-citibike-tripdata.csv.zip,JC-201601-citibike-tripdata.csv.zip,zip,144314,2017-04-06T21:01:38.000Z,https://s3.amazonaws.com/tripdata/JC-201601-citibike-tripdata.csv.zip
JC-201602-citibike-tripdata.csv.zip,JC-201602-citibike-tripdata.csv.zip,zip,159787,2017-04-06T21:01:38.000Z,https://s3.amazonaws.com/tripdata/JC-201602-citibike-tripdata.csv.zip
JC-201603-citibike-tripdata.csv.zip,JC-201603-citibike-tripdata.csv.zip,zip,259577,2017-04-06T21:01:39.000Z,https://s3.amazonaws.com/tripdata/JC-201603-citibike-tripdata.csv.zip
JC-201604-citibike-tripdata.csv.zip,JC-201604-citibike-tripdata.csv.zip,zip,311199,2017-04-06T21:01:39.000Z,https://s3.amazonaws.com/tripdata/JC-201604-citibike-tripdata.csv.zip
JC-201605-citibike-tripdata.csv.zip,JC-201605-citibike-tripdata.csv.zip,zip,369535,2017-04-06T21:01:40.000Z,https://s3.amazonaws.com/tripdata/JC-201605-citibike-tripdata.csv.zip
JC-201606-citibike-tripdata.csv.zip,JC-201606-citibike-tripdata.csv.zip,zip,452907,2017-04-06T21:01:40.000Z,https://s3.amazonaws.com/tripdata/JC-201606-citibike-tripdata.csv.zip
JC-201607-citibike-tripdata.csv.zip,JC-201607-citibike-tripdata.csv.zip,zip,465773,2017-04-06T21:01:41.000Z,https://s3.amazonaws.com/tripdata/JC-201607-citibike-tripdata.csv.zip
JC-201608-citibike-tripdata.csv.zip,JC-201608-citibike-tripdata.csv.zip,zip,666337,2017-04-06T21:01:41.000Z,https://s3.amazonaws.com/tripdata/JC-201608-citibike-tripdata.csv.zip
JC-201609-citibike-tripdata.csv.zip,JC-201609-citibike-tripdata.csv.zip,zip,652630,2017-04-06T21:01:42.000Z,https://s3.amazonaws.com/tripdata/JC-201609-citibike-tripdata.csv.zip
JC-201610-citibike-tripdata.csv.zip,JC-201610-citibike-tripdata.csv.zip,zip,581361,2017-04-06T21:01:42.000Z,https://s3.amazonaws.com/tripdata/JC-201610-citibike-tripdata.csv.zip
JC-201611-citibike-tripdata.csv.zip,JC-201611-citibike-tripdata.csv.zip,zip,434377,2017-04-06T21:01:43.000Z,https://s3.amazonaws.com/tripdata/JC-201611-citibike-tripdata.csv.zip
JC-201612-citibike-tripdata.csv.zip,JC-201612-citibike-tripdata.csv.zip,zip,304997,2017-04-06T21:01:43.000Z,https://s3.amazonaws.com/tripdata/JC-201612-citibike-tripdata.csv.zip
JC-201701-citibike-tripdata.csv.zip,JC-201701-citibike-tripdata.csv.zip,zip,260769,2017-04-06T21:01:43.000Z,https://s3.amazonaws.com/tripdata/JC-201701-citibike-tripdata.csv.zip
JC-201702-citibike-tripdata.csv.zip,JC-201702-citibike-tripdata.csv.zip,zip,281945,2017-04-06T21:01:44.000Z,https://s3.amazonaws.com/tripdata/JC-201702-citibike-tripdata.csv.zip
JC-201703-citibike-tripdata.csv.zip,JC-201703-citibike-tripdata.csv.zip,zip,246627,2017-04-06T21:01:44.000Z,https://s3.amazonaws.com/tripdata/JC-201703-citibike-tripdata.csv.zip
JC-201704-citibike-tripdata.csv.zip,JC-201704-citibike-tripdata.csv.zip,zip,442528,2017-08-01T16:20:54.000Z,https://s3.amazonaws.com/tripdata/JC-201704-citibike-tripdata.csv.zip
JC-201705-citibike-tripdata.csv.zip,JC-201705-citibike-tripdata.csv.zip,zip,541466,2017-08-01T16:20:55.000Z,https://s3.amazonaws.com/tripdata/JC-201705-citibike-tripdata.csv.zip
JC-201706-citibike-tripdata.csv.zip,JC-201706-citibike-tripdata.csv.zip,zip,662240,2017-08-01T16:20:56.000Z,https://s3.amazonaws.com/tripdata/JC-201706-citibike-tripdata.csv.zip
JC-201707-citibike-tripdata.csv.zip,JC-201707-citibike-tripdata.csv.zip,zip,692715,2017-08-01T16:20:57.000Z,https://s3.amazonaws.com/tripdata/JC-201707-citibike-tripdata.csv.zip
JC-201708 citibike-tripdata.csv.zip,JC-201708 citibike-tripdata.csv.zip,zip,727994,2017-10-03T15:52:49.000Z,https://s3.amazonaws.com/tripdata/JC-201708 citibike-tripdata.csv.zip
JC-201709-citibike-tripdata.csv.zip,JC-201709-citibike-tripdata.csv.zip,zip,683286,2017-10-03T15:52:49.000Z,https://s3.amazonaws.com/tripdata/JC-201709-citibike-tripdata.csv.zip
JC-201710-citibike-tripdata.csv.zip,JC-201710-citibike-tripdata.csv.zip,zip,720077,2018-01-31T21:15:18.000Z,https://s3.amazonaws.com/tripdata/JC-201710-citibike-tripdata.csv.zip
JC-201711-citibike-tripdata.csv.zip,JC-201711-citibike-tripdata.csv.zip,zip,488743,2018-01-31T21:15:19.000Z,https://s3.amazonaws.com/tripdata/JC-201711-citibike-tripdata.csv.zip
JC-201712-citibike-tripdata.csv.zip,JC-201712-citibike-tripdata.csv.zip,zip,331501,2018-01-31T21:15:19.000Z,https://s3.amazonaws.com/tripdata/JC-201712-citibike-tripdata.csv.zip
JC-201801-citibike-tripdata.csv.zip,JC-201801-citibike-tripdata.csv.zip,zip,335740,2018-09-06T18:44:38.000Z,https://s3.amazonaws.com/tripdata/JC-201801-citibike-tripdata.csv.zip
JC-201802-citibike-tripdata.csv.zip,JC-201802-citibike-tripdata.csv.zip,zip,397953,2018-09-06T18:44:38.000Z,https://s3.amazonaws.com/tripdata/JC-201802-citibike-tripdata.csv.zip
JC-201803-citibike-tripdata.csv.zip,JC-201803-citibike-tripdata.csv.zip,zip,453590,2018-09-06T18:44:39.000Z,https://s3.amazonaws.com/tripdata/JC-201803-citibike-tripdata.csv.zip
JC-201804-citibike-tripdata.csv.zip,JC-201804-citibike-tripdata.csv.zip,zip,628954,2018-09-06T18:44:39.000Z,https://s3.amazonaws.com/tripdata/JC-201804-citibike-tripdata.csv.zip
JC-201805-citibike-tripdata.csv.zip,JC-201805-citibike-tripdata.csv.zip,zip,909305,2018-09-06T18:44:40.000Z,https://s3.amazonaws.com/tripdata/JC-201805-citibike-tripdata.csv.zip
JC-201806-citibike-tripdata.csv.zip,JC-201806-citibike-tripdata.csv.zip,zip,1078776,2018-09-06T18:44:40.000Z,https://s3.amazonaws.com/tripdata/JC-201806-citibike-tripdata.csv.zip
JC-201807-citibike-tripdata.csv.zip,JC-201807-citibike-tripdata.csv.zip,zip,1114006,2018-09-06T18:44:41.000Z,https://s3.amazonaws.com/tripdata/JC-201807-citibike-tripdata.csv.zip
JC-201808-citibike-tripdata.csv.zip,JC-201808-citibike-tripdata.csv.zip,zip,1165898,2018-09-12T18:58:07.000Z,https://s3.amazonaws.com/tripdata/JC-201808-citibike-tripdata.csv.zip
JC-201809-citibike-tripdata.csv.zip,JC-201809-citibike-tripdata.csv.zip,zip,1029196,2018-10-03T18:48:13.000Z,https://s3.amazonaws.com/tripdata/JC-201809-citibike-tripdata.csv.zip
JC-201810-citibike-tripdata.csv.zip,JC-201810-citibike-tripdata.csv.zip,zip,1025727,2018-11-07T19:44:39.000Z,https://s3.amazonaws.com/tripdata/JC-201810-citibike-tripdata.csv.zip
JC-201811-citibike-tripdata.csv.zip,JC-201811-citibike-tripdata.csv.zip,zip,655752,2018-12-04T16:27:38.000Z,https://s3.amazonaws.com/tripdata/JC-201811-citibike-tripdata.csv.zip
JC-201812-citibike-tripdata.csv.zip,JC-201812-citibike-tripdata.csv.zip,zip,533878,2019-01-08T20:51:15.000Z,https://s3.amazonaws.com/tripdata/JC-201812-citibike-tripdata.csv.zip
JC-201901-citibike-tripdata.csv.zip,JC-201901-citibike-tripdata.csv.zip,zip,517665,2019-02-11T14:43:41.000Z,https://s3.amazonaws.com/tripdata/JC-201901-citibike-tripdata.csv.zip
JC-201902-citibike-tripdata.csv.zip,JC-201902-citibike-tripdata.csv.zip,zip,491166,2019-03-04T16:21:48.000Z,https://s3.amazonaws.com/tripdata/JC-201902-citibike-tripdata.csv.zip
JC-201903-citibike-tripdata.csv.zip,JC-201903-citibike-tripdata.csv.zip,zip,623509,2019-04-15T18:34:52.000Z,https://s3.amazonaws.com/tripdata/JC-201903-citibike-tripdata.csv.zip
JC-201904-citibike-tripdata.csv.zip,JC-201904-citibike-tripdata.csv.zip,zip,867370,2019-05-06T19:07:33.000Z,https://s3.amazonaws.com/tripdata/JC-201904-citibike-tripdata.csv.zip
JC-201905-citibike-tripdata.csv.zip,JC-201905-citibike-tripdata.csv.zip,zip,931693,2019-06-11T19:37:55.000Z,https://s3.amazonaws.com/tripdata/JC-201905-citibike-tripdata.csv.zip
JC-201906-citibike-tripdata.csv.zip,JC-201906-citibike-tripdata.csv.zip,zip,1018935,2019-07-15T17:42:09.000Z,https://s3.amazonaws.com/tripdata/JC-201906-citibike-tripdata.csv.zip
JC-201907-citibike-tripdata.csv.zip,JC-201907-citibike-tripdata.csv.zip,zip,1131502,2019-08-05T21:34:01.000Z,https://s3.amazonaws.com/tripdata/JC-201907-citibike-tripdata.csv.zip
JC-201908-citibike-tripdata.csv.zip,JC-201908-citibike-tripdata.csv.zip,zip,1258122,2019-09-18T20:33:15.000Z,https://s3.amazonaws.com/tripdata/JC-201908-citibike-tripdata.csv.zip
JC-201909-citibike-tripdata.csv.zip,JC-201909-citibike-tripdata.csv.zip,zip,1271064,2019-10-11T19:42:04.000Z,https://s3.amazonaws.com/tripdata/JC-201909-citibike-tripdata.csv.zip
JC-201910-citibike-tripdata.csv.zip,JC-201910-citibike-tripdata.csv.zip,zip,1091154,2019-11-05T22:10:56.000Z,https://s3.amazonaws.com/tripdata/JC-201910-citibike-tripdata.csv.zip
JC-201911-citibike-tripdata.csv.zip,JC-201911-citibike-tripdata.csv.zip,zip,799781,2019-12-20T18:44:56.000Z,https://s3.amazonaws.com/tripdata/JC-201911-citibike-tripdata.csv.zip
JC-201912-citibike-tripdata.csv.zip,JC-201912-citibike-tripdata.csv.zip,zip,517583,2020-01-21T21:23:33.000Z,https://s3.amazonaws.com/tripdata/JC-201912-citibike-tripdata.csv.zip
JC-202001-citibike-tripdata.csv.zip,JC-202001-citibike-tripdata.csv.zip,zip,679086,2020-02-04T19:05:47.000Z,https://s3.amazonaws.com/tripdata/JC-202001-citibike-tripdata.csv.zip
JC-202002-citibike-tripdata.csv.zip,JC-202002-citibike-tripdata.csv.zip,zip,599276,2020-03-24T20:07:53.000Z,https://s3.amazonaws.com/tripdata/JC-202002-citibike-tripdata.csv.zip
JC-202003-citibike-tripdata.csv.zip,JC-202003-citibike-tripdata.csv.zip,zip,465329,2020-04-17T23:58:04.000Z,https://s3.amazonaws.com/tripdata/JC-202003-citibike-tripdata.csv.zip
JC-202004-citibike-tripdata.csv.zip,JC-202004-citibike-tripdata.csv.zip,zip,246177,2020-05-27T00:18:16.000Z,https://s3.amazonaws.com/tripdata/JC-202004-citibike-tripdata.csv.zip
JC-202005-citibike-tripdata.csv.zip,JC-202005-citibike-tripdata.csv.zip,zip,655725,2020-06-05T16:09:40.000Z,https://s3.amazonaws.com/tripdata/JC-202005-citibike-tripdata.csv.zip
JC-202006-citibike-tripdata.csv.zip,JC-202006-citibike-tripdata.csv.zip,zip,968484,2020-07-06T00:37:53.000Z,https://s3.amazonaws.com/tripdata/JC-202006-citibike-tripdata.csv.zip
JC-202007-citibike-tripdata.csv.zip,JC-202007-citibike-tripdata.csv.zip,zip,1017946,2020-08-12T02:13:32.000Z,https://s3.amazonaws.com/tripdata/JC-202007-citibike-tripdata.csv.zip
JC-202008-citibike-tripdata.csv.zip,JC-202008-citibike-tripdata.csv.zip,zip,1137151,2020-09-04T19:37:33.000Z,https://s3.amazonaws.com/tripdata/JC-202008-citibike-tripdata.csv.zip
JC-202009-citibike-tripdata.csv.zip,JC-202009-citibike-tripdata.csv.zip,zip,1419708,2020-10-13T19:56:03.000Z,https://s3.amazonaws.com/tripdata/JC-202009-citibike-tripdata.csv.zip
JC-202010-citibike-tripdata.csv.zip,JC-202010-citibike-tripdata.csv.zip,zip,798066,2020-11-04T14:51:11.000Z,https://s3.amazonaws.com/tripdata/JC-202010-citibike-tripdata.csv.zip
JC-202011-citibike-tripdata.csv.zip,JC-202011-citibike-tripdata.csv.zip,zip,569245,2020-12-04T23:26:04.000Z,https://s3.amazonaws.com/tripdata/JC-202011-citibike-tripdata.csv.zip
JC-202012-citibike-tripdata.csv.zip,JC-202012-citibike-tripdata.csv.zip,zip,315012,2021-01-05T14:25:45.000Z,https://s3.amazonaws.com/tripdata/JC-202012-citibike-tripdata.csv.zip
JC-202101-citibike-tripdata.csv.zip,JC-202101-citibike-tripdata.csv.zip,zip,313806,2021-02-08T15:11:26.000Z,https://s3.amazonaws.com/tripdata/JC-202101-citibike-tripdata.csv.zip
JC-202102-citibike-tripdata.csv.zip,JC-202102-citibike-tripdata.csv.zip,zip,145668,2021-06-11T17:23:13.000Z,https://s3.amazonaws.com/tripdata/JC-202102-citibike-tripdata.csv.zip
JC-202103-citibike-tripdata.csv.zip,JC-202103-citibike-tripdata.csv.zip,zip,473774,2021-06-11T17:23:13.000Z,https://s3.amazonaws.com/tripdata/JC-202103-citibike-tripdata.csv.zip
JC-202104-citibike-tripdata.csv.zip,JC-202104-citibike-tripdata.csv.zip,zip,650251,2021-06-11T17:23:14.000Z,https://s3.amazonaws.com/tripdata/JC-202104-citibike-tripdata.csv.zip
JC-202105-citibike-tripdata.csv.zip,JC-202105-citibike-tripdata.csv.zip,zip,1251415,2021-06-11T17:23:16.000Z,https://s3.amazonaws.com/tripdata/JC-202105-citibike-tripdata.csv.zip
JC-202106-citibike-tripdata.csv.zip,JC-202106-citibike-tripdata.csv.zip,zip,2040770,2022-04-07T19:28:48.000Z,https://s3.amazonaws.com/tripdata/JC-202106-citibike-tripdata.csv.zip
JC-202107-citibike-tripdata.csv.zip,JC-202107-citibike-tripdata.csv.zip,zip,2433412,2022-04-07T19:28:49.000Z,https://s3.amazonaws.com/tripdata/JC-202107-citibike-tripdata.csv.zip
JC-202108-citibike-tripdata.csv.zip,JC-202108-citibike-tripdata.csv.zip,zip,2741053,2022-04-07T19:28:50.000Z,https://s3.amazonaws.com/tripdata/JC-202108-citibike-tripdata.csv.zip
JC-202109-citibike-tripdata.csv.zip,JC-202109-citibike-tripdata.csv.zip,zip,2838400,2022-04-07T19:28:51.000Z,https://s3.amazonaws.com/tripdata/JC-202109-citibike-tripdata.csv.zip
JC-202110-citibike-tripdata.csv.zip,JC-202110-citibike-tripdata.csv.zip,zip,2599580,2022-04-07T19:28:52.000Z,https://s3.amazonaws.com/tripdata/JC-202110-citibike-tripdata.csv.zip
JC-202111-citibike-tripdata.csv.zip,JC-202111-citibike-tripdata.csv.zip,zip,1690220,2022-04-07T19:28:53.000Z,https://s3.amazonaws.com/tripdata/JC-202111-citibike-tripdata.csv.zip
JC-202112-citibike-tripdata.csv.zip,JC-202112-citibike-tripdata.csv.zip,zip,1428830,2022-04-07T19:28:54.000Z,https://s3.amazonaws.com/tripdata/JC-202112-citibike-tripdata.csv.zip
JC-202201-citibike-tripdata.csv.zip,JC-202201-citibike-tripdata.csv.zip,zip,761399,2022-04-07T19:28:55.000Z,https://s3.amazonaws.com/tripdata/JC-202201-citibike-tripdata.csv.zip
JC-202202-citibike-tripdata.csv.zip,JC-202202-citibike-tripdata.csv.zip,zip,941223,2022-04-07T19:28:55.000Z,https://s3.amazonaws.com/tripdata/JC-202202-citibike-tripdata.csv.zip
JC-202203-citibike-tripdata.csv.zip,JC-202203-citibike-tripdata.csv.zip,zip,1483922,2022-04-06T17:11:46.000Z,https://s3.amazonaws.com/tripdata/JC-202203-citibike-tripdata.csv.zip
JC-202204-citibike-tripdata.csv.zip,JC-202204-citibike-tripdata.csv.zip,zip,1846802,2022-05-03T16:38:33.000Z,https://s3.amazonaws.com/tripdata/JC-202204-citibike-tripdata.csv.zip
JC-202205-citibike-tripdata.csv.zip,JC-202205-citibike-tripdata.csv.zip,zip,2338499,2022-06-04T02:19:12.000Z,https://s3.amazonaws.com/tripdata/JC-202205-citibike-tripdata.csv.zip
JC-202206-citibike-tripdata.csv.zip,JC-202206-citibike-tripdata.csv.zip,zip,3049187,2022-07-15T15:33:12.000Z,https://s3.amazonaws.com/tripdata/JC-202206-citibike-tripdata.csv.zip
JC-202207-citbike-tripdata.csv.zip,JC-202207-citbike-tripdata.csv.zip,zip,3244301,2022-08-04T17:17:51.000Z,https://s3.amazonaws.com/tripdata/JC-202207-citbike-tripdata.csv.zip
JC-202208-citibike-tripdata.csv.zip,JC-202208-citibike-tripdata.csv.zip,zip,3383290,2022-09-08T22:29:34.000Z,https://s3.amazonaws.com/tripdata/JC-202208-citibike-tripdata.csv.zip
JC-202209-citibike-tripdata.csv.zip,JC-202209-citibike-tripdata.csv.zip,zip,3378664,2022-10-11T16:55:32.000Z,https://s3.amazonaws.com/tripdata/JC-202209-citibike-tripdata.csv.zip
JC-202210-citibike-tripdata.csv.zip,JC-202210-citibike-tripdata.csv.zip,zip,2936981,2022-11-08T23:00:25.000Z,https://s3.amazonaws.com/tripdata/JC-202210-citibike-tripdata.csv.zip
JC-202211-citibike-tripdata.csv.zip,JC-202211-citibike-tripdata.csv.zip,zip,2297919,2022-12-05T20:35:28.000Z,https://s3.amazonaws.com/tripdata/JC-202211-citibike-tripdata.csv.zip
JC-202212-citibike-tripdata.csv.zip,JC-202212-citibike-tripdata.csv.zip,zip,1669840,2023-01-03T20:39:20.000Z,https://s3.amazonaws.com/tripdata/JC-202212-citibike-tripdata.csv.zip
JC-202301-citibike-tripdata.csv.zip,JC-202301-citibike-tripdata.csv.zip,zip,1864344,2023-02-07T20:26:25.000Z,https://s3.amazonaws.com/tripdata/JC-202301-citibike-tripdata.csv.zip
JC-202302-citibike-tripdata.csv.zip,JC-202302-citibike-tripdata.csv.zip,zip,1739162,2023-03-07T23:00:25.000Z,https://s3.amazonaws.com/tripdata/JC-202302-citibike-tripdata.csv.zip
JC-202303-citibike-tripdata.csv.zip,JC-202303-citibike-tripdata.csv.zip,zip,2012073,2023-04-06T20:21:26.000Z,https://s3.amazonaws.com/tripdata/JC-202303-citibike-tripdata.csv.zip
JC-202304-citibike-tripdata.csv.zip,JC-202304-citibike-tripdata.csv.zip,zip,2519340,2023-05-04T19:47:42.000Z,https://s3.amazonaws.com/tripdata/JC-202304-citibike-tripdata.csv.zip
JC-202305-citibike-tripdata.csv.zip,JC-202305-citibike-tripdata.csv.zip,zip,3220438,2023-06-08T22:32:15.000Z,https://s3.amazonaws.com/tripdata/JC-202305-citibike-tripdata.csv.zip
JC-202306-citibike-tripdata.csv.zip,JC-202306-citibike-tripdata.csv.zip,zip,3334811,2023-07-13T21:25:34.000Z,https://s3.amazonaws.com/tripdata/JC-202306-citibike-tripdata.csv.zip
JC-202307-citibike-tripdata.csv.zip,JC-202307-citibike-tripdata.csv.zip,zip,3477609,2023-08-14T12:31:27.000Z,https://s3.amazonaws.com/tripdata/JC-202307-citibike-tripdata.csv.zip
JC-202308-citibike-tripdata.csv.zip,JC-202308-citibike-tripdata.csv.zip,zip,3945921,2023-10-12T05:37:55.000Z,https://s3.amazonaws.com/tripdata/JC-202308-citibike-tripdata.csv.zip
JC-202309-citibike-tripdata.csv.zip,JC-202309-citibike-tripdata.csv.zip,zip,3195689,2023-10-12T05:37:55.000Z,https://s3.amazonaws.com/tripdata/JC-202309-citibike-tripdata.csv.zip
JC-202310-citibike-tripdata.csv.zip,JC-202310-citibike-tripdata.csv.zip,zip,3274658,2023-11-13T16:42:37.000Z,https://s3.amazonaws.com/tripdata/JC-202310-citibike-tripdata.csv.zip
JC-202311-citibike-tripdata.csv.zip,JC-202311-citibike-tripdata.csv.zip,zip,2764396,2023-12-05T21:21:57.000Z,https://s3.amazonaws.com/tripdata/JC-202311-citibike-tripdata.csv.zip
JC-202312-citibike-tripdata.csv.zip,JC-202312-citibike-tripdata.csv.zip,zip,2083442,2024-01-04T19:51:57.000Z,https://s3.amazonaws.com/tripdata/JC-202312-citibike-tripdata.csv.zip
JC-202401-citibike-tripdata.csv.zip,JC-202401-citibike-tripdata.csv.zip,zip,1883296,2024-02-05T15:27:57.000Z,https://s3.amazonaws.com/tripdata/JC-202401-citibike-tripdata.csv.zip
JC-202402-citibike-tripdata.csv.zip,JC-202402-citibike-tripdata.csv.zip,zip,1908683,2024-03-04T16:10:13.000Z,https://s3.amazonaws.com/tripdata/JC-202402-citibike-tripdata.csv.zip
JC-202403-citibike-tripdata.csv.zip,JC-202403-citibike-tripdata.csv.zip,zip,2308314,2024-04-01T18:43:36.000Z,https://s3.amazonaws.com/tripdata/JC-202403-citibike-tripdata.csv.zip
JC-202404-citibike-tripdata.csv.zip,JC-202404-citibike-tripdata.csv.zip,zip,2810050,2024-05-06T20:40:54.000Z,https://s3.amazonaws.com/tripdata/JC-202404-citibike-tripdata.csv.zip
JC-202405-citibike-tripdata.csv.zip,JC-202405-citibike-tripdata.csv.zip,zip,3238096,2024-06-26T17:38:43.000Z,https://s3.amazonaws.com/tripdata/JC-202405-citibike-tripdata.csv.zip
JC-202406-citibike-tripdata.csv.zip,JC-202406-citibike-tripdata.csv.zip,zip,4413867,2024-07-08T18:18:21.000Z,https://s3.amazonaws.com/tripdata/JC-202406-citibike-tripdata.csv.zip
JC-202407-citibike-tripdata.csv.zip,JC-202407-citibike-tripdata.csv.zip,zip,4198201,2024-08-08T15:40:05.000Z,https://s3.amazonaws.com/tripdata/JC-202407-citibike-tripdata.csv.zip
JC-202408-citibike-tripdata.csv.zip,JC-202408-citibike-tripdata.csv.zip,zip,3530848,2024-09-05T00:48:02.000Z,https://s3.amazonaws.com/tripdata/JC-202408-citibike-tripdata.csv.zip
JC-202409-citibike-tripdata.csv.zip,JC-202409-citibike-tripdata.csv.zip,zip,4140046,2024-10-08T00:36:38.000Z,https://s3.amazonaws.com/tripdata/JC-202409-citibike-tripdata.csv.zip
JC-202410-citibike-tripdata.csv.zip,JC-202410-citibike-tripdata.csv.zip,zip,4028203,2024-11-04T19:48:14.000Z,https://s3.amazonaws.com/tripdata/JC-202410-citibike-tripdata.csv.zip
JC-202411-citibike-tripdata.csv.zip,JC-202411-citibike-tripdata.csv.zip,zip,2801836,2024-12-04T16:45:29.000Z,https://s3.amazonaws.com/tripdata/JC-202411-citibike-tripdata.csv.zip
JC-202412-citibike-tripdata.csv.zip,JC-202412-citibike-tripdata.csv.zip,zip,2012198,2025-01-06T20:42:14.000Z,https://s3.amazonaws.com/tripdata/JC-202412-citibike-tripdata.csv.zip
JC-202501-citibike-tripdata.csv.zip,JC-202501-citibike-tripdata.csv.zip,zip,1742971,2025-02-05T15:58:17.000Z,https://s3.amazonaws.com/tripdata/JC-202501-citibike-tripdata.csv.zip
JC-202502-citibike-tripdata.csv.zip,JC-202502-citibike-tripdata.csv.zip,zip,1608676,2025-03-04T16:10:26.000Z,https://s3.amazonaws.com/tripdata/JC-202502-citibike-tripdata.csv.zip
JC-202503-citibike-tripdata.csv.zip,JC-202503-citibike-tripdata.csv.zip,zip,2691428,2025-04-04T21:17:54.000Z,https://s3.amazonaws.com/tripdata/JC-202503-citibike-tripdata.csv.zip
JC-202504-citibike-tripdata.csv.zip,JC-202504-citibike-tripdata.csv.zip,zip,2818397,2025-05-07T12:33:03.000Z,https://s3.amazonaws.com/tripdata/JC-202504-citibike-tripdata.csv.zip
JC-202505-citibike-tripdata.csv.zip,JC-202505-citibike-tripdata.csv.zip,zip,3096305,2025-06-04T15:06:05.000Z,https://s3.amazonaws.com/tripdata/JC-202505-citibike-tripdata.csv.zip
JC-202506-citibike-tripdata.csv.zip,JC-202506-citibike-tripdata.csv.zip,zip,3493084,2025-07-06T22:27:07.000Z,https://s3.amazonaws.com/tripdata/JC-202506-citibike-tripdata.csv.zip
JC-202507-citibike-tripdata.csv.zip,JC-202507-citibike-tripdata.csv.zip,zip,3883467,2025-08-05T17:54:55.000Z,https://s3.amazonaws.com/tripdata/JC-202507-citibike-tripdata.csv.zip
JC-202508-citibike-tripdata.csv.zip,JC-202508-citibike-tripdata.csv.zip,zip,3654182,2025-09-04T19:35:20.000Z,https://s3.amazonaws.com/tripdata/JC-202508-citibike-tripdata.csv.zip
JC-202509-citibike-tripdata.csv.zip,JC-202509-citibike-tripdata.csv.zip,zip,4251679,2025-10-06T12:14:50.000Z,https://s3.amazonaws.com/tripdata/JC-202509-citibike-tripdata.csv.zip
JC-202510-citibike-tripdata.zip,JC-202510-citibike-tripdata.zip,zip,3599746,2025-11-04T17:52:56.000Z,https://s3.amazonaws.com/tripdata/JC-202510-citibike-tripdata.zip
JC-202511-citibike-tripdata.csv.zip,JC-202511-citibike-tripdata.csv.zip,zip,2681589,2025-12-08T19:56:35.000Z,https://s3.amazonaws.com/tripdata/JC-202511-citibike-tripdata.csv.zip
JC-202512-citibike-tripdata.csv.zip,JC-202512-citibike-tripdata.csv.zip,zip,1733900,2026-01-05T17:18:30.000Z,https://s3.amazonaws.com/tripdata/JC-202512-citibike-tripdata.csv.zip
JC-202601-citibike-tripdata.zip,JC-202601-citibike-tripdata.zip,zip,1441549,2026-02-04T14:49:55.000Z,https://s3.amazonaws.com/tripdata/JC-202601-citibike-tripdata.zip
JC-202602-citibike-tripdata.csv.zip,JC-202602-citibike-tripdata.csv.zip,zip,958731,2026-03-04T20:18:17.000Z,https://s3.amazonaws.com/tripdata/JC-202602-citibike-tripdata.csv.zip
JC-202603-citibike-tripdata.csv.zip,JC-202603-citibike-tripdata.csv.zip,zip,2228453,2026-04-03T19:00:09.000Z,https://s3.amazonaws.com/tripdata/JC-202603-citibike-tripdata.csv.zip
JC-202604-citibike-tripdata.zip,JC-202604-citibike-tripdata.zip,zip,2926810,2026-05-04T19:06:10.000Z,https://s3.amazonaws.com/tripdata/JC-202604-citibike-tripdata.zip

