bundle_name,structure_type,csv_file_count,nested_zip_count,needs_nested_extract
2013-citibike-tripdata,csv_present,17,0,False
2014-citibike-tripdata,csv_present,12,0,False
2015-citibike-tripdata,csv_present,16,0,False
2016-citibike-tripdata,csv_present,20,0,False
2017-citibike-tripdata,csv_present,20,0,False
2018-citibike-tripdata,csv_present,35,0,False
2019-citibike-tripdata,csv_present,26,0,False
2020-citibike-tripdata,csv_present,27,0,False
2021-citibike-tripdata,csv_present,36,0,False
2022-citibike-tripdata,csv_present,36,0,False
2023-citibike-tripdata,csv_present,40,0,False
202401-citibike-tripdata,csv_present,2,0,False
202402-citibike-tripdata,csv_present,3,0,False
202403-citibike-tripdata,csv_present,3,0,False
202404-citibike-tripdata,csv_present,4,0,False
202405-citibike-tripdata,csv_present,5,0,False
202406-citibike-tripdata,csv_present,5,0,False
202407-citibike-tripdata,csv_present,5,0,False
202408-citibike-tripdata,csv_present,5,0,False
202409-citibike-tripdata,csv_present,5,0,False
202410-citibike-tripdata,csv_present,6,0,False
202411-citibike-tripdata,csv_present,4,0,False
202412-citibike-tripdata,csv_present,3,0,False
202501-citibike-tripdata,csv_present,3,0,False
202502-citibike-tripdata,csv_present,3,0,False
202503-citibike-tripdata,csv_present,4,0,False
202504-citibike-tripdata,csv_present,4,0,False
202505-citibike-tripdata,csv_present,5,0,False
202506-citibike-tripdata,csv_present,5,0,False
202507-citibike-tripdata,csv_present,5,0,False
202508-citibike-tripdata,csv_present,6,0,False
202509-citibike-tripdata,csv_present,6,0,False
202510-citibike-tripdata,csv_present,5,0,False
202511-citibike-tripdata,csv_present,4,0,False
202512-citibike-tripdata,csv_present,3,0,False
202601-citibike-tripdata,csv_present,2,0,False
202602-citibike-tripdata,csv_present,2,0,False
202603-citibike-tripdata,csv_present,3,0,False
202604-citibike-tripdata,csv_present,4,0,False
JC-201509-citibike-tripdata.csv,csv_present,1,0,False
JC-201510-citibike-tripdata.csv,csv_present,1,0,False
JC-201511-citibike-tripdata.csv,csv_present,1,0,False
JC-201512-citibike-tripdata.csv,csv_present,1,0,False
JC-201601-citibike-tripdata.csv,csv_present,1,0,False
JC-201602-citibike-tripdata.csv,csv_present,1,0,False
JC-201603-citibike-tripdata.csv,csv_present,1,0,False
JC-201604-citibike-tripdata.csv,csv_present,1,0,False
JC-201605-citibike-tripdata.csv,csv_present,1,0,False
JC-201606-citibike-tripdata.csv,csv_present,1,0,False
JC-201607-citibike-tripdata.csv,csv_present,1,0,False
JC-201608-citibike-tripdata.csv,csv_present,1,0,False
JC-201609-citibike-tripdata.csv,csv_present,1,0,False
JC-201610-citibike-tripdata.csv,csv_present,1,0,False
JC-201611-citibike-tripdata.csv,csv_present,1,0,False
JC-201612-citibike-tripdata.csv,csv_present,1,0,False
JC-201701-citibike-tripdata.csv,csv_present,1,0,False
JC-201702-citibike-tripdata.csv,csv_present,1,0,False
JC-201703-citibike-tripdata.csv,csv_present,1,0,False
JC-201704-citibike-tripdata.csv,csv_present,1,0,False
JC-201705-citibike-tripdata.csv,csv_present,1,0,False
JC-201706-citibike-tripdata.csv,csv_present,1,0,False
JC-201707-citibike-tripdata.csv,csv_present,1,0,False
JC-201708 citibike-tripdata.csv,csv_present,1,0,False
JC-201709-citibike-tripdata.csv,csv_present,1,0,False
JC-201710-citibike-tripdata.csv,csv_present,1,0,False
JC-201711-citibike-tripdata.csv,csv_present,1,0,False
JC-201712-citibike-tripdata.csv,csv_present,1,0,False
JC-201801-citibike-tripdata.csv,csv_present,1,0,False
JC-201802-citibike-tripdata.csv,csv_present,1,0,False
JC-201803-citibike-tripdata.csv,csv_present,1,0,False
JC-201804-citibike-tripdata.csv,csv_present,1,0,False
JC-201805-citibike-tripdata.csv,csv_present,1,0,False
JC-201806-citibike-tripdata.csv,csv_present,1,0,False
JC-201807-citibike-tripdata.csv,csv_present,1,0,False
JC-201808-citibike-tripdata.csv,csv_present,1,0,False
JC-201809-citibike-tripdata.csv,csv_present,1,0,False
JC-201810-citibike-tripdata.csv,csv_present,1,0,False
JC-201811-citibike-tripdata.csv,csv_present,1,0,False
JC-201812-citibike-tripdata.csv,csv_present,1,0,False
JC-201901-citibike-tripdata.csv,csv_present,1,0,False
JC-201902-citibike-tripdata.csv,csv_present,1,0,False
JC-201903-citibike-tripdata.csv,csv_present,1,0,False
JC-201904-citibike-tripdata.csv,csv_present,1,0,False
JC-201905-citibike-tripdata.csv,csv_present,1,0,False
JC-201906-citibike-tripdata.csv,csv_present,1,0,False
JC-201907-citibike-tripdata.csv,csv_present,1,0,False
JC-201908-citibike-tripdata.csv,csv_present,1,0,False
JC-201909-citibike-tripdata.csv,csv_present,1,0,False
JC-201910-citibike-tripdata.csv,csv_present,1,0,False
JC-201911-citibike-tripdata.csv,csv_present,1,0,False
JC-201912-citibike-tripdata.csv,csv_present,1,0,False
JC-202001-citibike-tripdata.csv,csv_present,1,0,False
JC-202002-citibike-tripdata.csv,csv_present,1,0,False
JC-202003-citibike-tripdata.csv,csv_present,1,0,False
JC-202004-citibike-tripdata.csv,csv_present,1,0,False
JC-202005-citibike-tripdata.csv,csv_present,1,0,False
JC-202006-citibike-tripdata.csv,csv_present,1,0,False
JC-202007-citibike-tripdata.csv,csv_present,1,0,False
JC-202008-citibike-tripdata.csv,csv_present,1,0,False
JC-202009-citibike-tripdata.csv,csv_present,1,0,False
JC-202010-citibike-tripdata.csv,csv_present,1,0,False
JC-202011-citibike-tripdata.csv,csv_present,1,0,False
JC-202012-citibike-tripdata.csv,csv_present,1,0,False
JC-202101-citibike-tripdata.csv,csv_present,1,0,False
JC-202102-citibike-tripdata.csv,csv_present,1,0,False
JC-202103-citibike-tripdata.csv,csv_present,1,0,False
JC-202104-citibike-tripdata.csv,csv_present,1,0,False
JC-202105-citibike-tripdata.csv,csv_present,1,0,False
JC-202106-citibike-tripdata.csv,csv_present,1,0,False
JC-202107-citibike-tripdata.csv,csv_present,1,0,False
JC-202108-citibike-tripdata.csv,csv_present,1,0,False
JC-202109-citibike-tripdata.csv,csv_present,1,0,False
JC-202110-citibike-tripdata.csv,csv_present,1,0,False
JC-202111-citibike-tripdata.csv,csv_present,1,0,False
JC-202112-citibike-tripdata.csv,csv_present,1,0,False
JC-202201-citibike-tripdata.csv,csv_present,1,0,False
JC-202202-citibike-tripdata.csv,csv_present,1,0,False
JC-202203-citibike-tripdata.csv,csv_present,1,0,False
JC-202204-citibike-tripdata.csv,csv_present,1,0,False
JC-202205-citibike-tripdata.csv,csv_present,1,0,False
JC-202206-citibike-tripdata.csv,csv_present,1,0,False
JC-202207-citbike-tripdata.csv,csv_present,1,0,False
JC-202208-citibike-tripdata.csv,csv_present,1,0,False
JC-202209-citibike-tripdata.csv,csv_present,1,0,False
JC-202210-citibike-tripdata.csv,csv_present,1,0,False
JC-202211-citibike-tripdata.csv,csv_present,1,0,False
JC-202212-citibike-tripdata.csv,csv_present,1,0,False
JC-202301-citibike-tripdata.csv,csv_present,1,0,False
JC-202302-citibike-tripdata.csv,csv_present,1,0,False
JC-202303-citibike-tripdata.csv,csv_present,1,0,False
JC-202304-citibike-tripdata.csv,csv_present,1,0,False
JC-202305-citibike-tripdata.csv,csv_present,1,0,False
JC-202306-citibike-tripdata.csv,csv_present,1,0,False
JC-202307-citibike-tripdata.csv,csv_present,1,0,False
JC-202308-citibike-tripdata.csv,csv_present,1,0,False
JC-202309-citibike-tripdata.csv,csv_present,1,0,False
JC-202310-citibike-tripdata.csv,csv_present,1,0,False
JC-202311-citibike-tripdata.csv,csv_present,1,0,False
JC-202312-citibike-tripdata.csv,csv_present,1,0,False
JC-202401-citibike-tripdata.csv,csv_present,1,0,False
JC-202402-citibike-tripdata.csv,csv_present,1,0,False
JC-202403-citibike-tripdata.csv,csv_present,1,0,False
JC-202404-citibike-tripdata.csv,csv_present,1,0,False
JC-202405-citibike-tripdata.csv,csv_present,1,0,False
JC-202406-citibike-tripdata.csv,csv_present,1,0,False
JC-202407-citibike-tripdata.csv,csv_present,1,0,False
JC-202408-citibike-tripdata.csv,csv_present,1,0,False
JC-202409-citibike-tripdata.csv,csv_present,1,0,False
JC-202410-citibike-tripdata.csv,csv_present,1,0,False
JC-202411-citibike-tripdata.csv,csv_present,1,0,False
JC-202412-citibike-tripdata.csv,csv_present,1,0,False
JC-202501-citibike-tripdata.csv,csv_present,1,0,False
JC-202502-citibike-tripdata.csv,csv_present,1,0,False
JC-202503-citibike-tripdata.csv,csv_present,1,0,False
JC-202504-citibike-tripdata.csv,csv_present,1,0,False
JC-202505-citibike-tripdata.csv,csv_present,1,0,False
JC-202506-citibike-tripdata.csv,csv_present,1,0,False
JC-202507-citibike-tripdata.csv,csv_present,1,0,False
JC-202508-citibike-tripdata.csv,csv_present,1,0,False
JC-202509-citibike-tripdata.csv,csv_present,1,0,False
JC-202510-citibike-tripdata,csv_present,1,0,False
JC-202511-citibike-tripdata.csv,csv_present,1,0,False
JC-202512-citibike-tripdata.csv,csv_present,1,0,False
JC-202601-citibike-tripdata,csv_present,1,0,False
JC-202602-citibike-tripdata.csv,csv_present,1,0,False
JC-202603-citibike-tripdata.csv,csv_present,1,0,False
JC-202604-citibike-tripdata,csv_present,1,0,False
