bundle_name,relative_path,file_type,inside_nested_zip,nested_zip,inner_member,inner_type,inner_size_bytes,column_count,columns,schema_id
2020-citibike-tripdata,2020-citibike-tripdata/2020-citibike-tripdata/202004-citibike-tripdata.zip,nested_zip_member,True,extracted/2020-citibike-tripdata/2020-citibike-tripdata/202004-citibike-tripdata.zip,202004-citibike-tripdata_1.csv,csv,126390320,13,ride_id|rideable_type|started_at|ended_at|start_station_name|start_station_id|end_station_name|end_station_id|start_lat|start_lng|end_lat|end_lng|member_casual,6127705166119836402
2020-citibike-tripdata,2020-citibike-tripdata/2020-citibike-tripdata/202012-citibike-tripdata.zip,nested_zip_member,True,extracted/2020-citibike-tripdata/2020-citibike-tripdata/202012-citibike-tripdata.zip,202012-citibike-tripdata_1.csv,csv,184508340,13,ride_id|rideable_type|started_at|ended_at|start_station_name|start_station_id|end_station_name|end_station_id|start_lat|start_lng|end_lat|end_lng|member_casual,6127705166119836402
2020-citibike-tripdata,2020-citibike-tripdata/2020-citibike-tripdata/202012-citibike-tripdata.zip,nested_zip_member,True,extracted/2020-citibike-tripdata/2020-citibike-tripdata/202012-citibike-tripdata.zip,202012-citibike-tripdata_2.csv,csv,17008354,13,ride_id|rideable_type|started_at|ended_at|start_station_name|start_station_id|end_station_name|end_station_id|start_lat|start_lng|end_lat|end_lng|member_casual,6127705166119836402
2020-citibike-tripdata,2020-citibike-tripdata/2020-citibike-tripdata/202006-citibike-tripdata.zip,nested_zip_member,True,extracted/2020-citibike-tripdata/2020-citibike-tripdata/202006-citibike-tripdata.zip,202006-citibike-tripdata_1.csv,csv,185033113,13,ride_id|rideable_type|started_at|ended_at|start_station_name|start_station_id|end_station_name|end_station_id|start_lat|start_lng|end_lat|end_lng|member_casual,6127705166119836402
2020-citibike-tripdata,2020-citibike-tripdata/2020-citibike-tripdata/202006-citibike-tripdata.zip,nested_zip_member,True,extracted/2020-citibike-tripdata/2020-citibike-tripdata/202006-citibike-tripdata.zip,202006-citibike-tripdata_2.csv,csv,164017938,13,ride_id|rideable_type|started_at|ended_at|start_station_name|start_station_id|end_station_name|end_station_id|start_lat|start_lng|end_lat|end_lng|member_casual,6127705166119836402
2020-citibike-tripdata,2020-citibike-tripdata/2020-citibike-tripdata/202010-citibike-tripdata.zip,nested_zip_member,True,extracted/2020-citibike-tripdata/2020-citibike-tripdata/202010-citibike-tripdata.zip,202010-citibike-tripdata_1.csv,csv,184865627,13,ride_id|rideable_type|started_at|ended_at|start_station_name|start_station_id|end_station_name|end_station_id|start_lat|start_lng|end_lat|end_lng|member_casual,6127705166119836402
2020-citibike-tripdata,2020-citibike-tripdata/2020-citibike-tripdata/202010-citibike-tripdata.zip,nested_zip_member,True,extracted/2020-citibike-tripdata/2020-citibike-tripdata/202010-citibike-tripdata.zip,202010-citibike-tripdata_2.csv,csv,184617494,13,ride_id|rideable_type|started_at|ended_at|start_station_name|start_station_id|end_station_name|end_station_id|start_lat|start_lng|end_lat|end_lng|member_casual,6127705166119836402
2020-citibike-tripdata,2020-citibike-tripdata/2020-citibike-tripdata/202010-citibike-tripdata.zip,nested_zip_member,True,extracted/2020-citibike-tripdata/2020-citibike-tripdata/202010-citibike-tripdata.zip,202010-citibike-tripdata_3.csv,csv,47114310,13,ride_id|rideable_type|started_at|ended_at|start_station_name|start_station_id|end_station_name|end_station_id|start_lat|start_lng|end_lat|end_lng|member_casual,6127705166119836402
2020-citibike-tripdata,2020-citibike-tripdata/2020-citibike-tripdata/202008-citibike-tripdata.zip,nested_zip_member,True,extracted/2020-citibike-tripdata/2020-citibike-tripdata/202008-citibike-tripdata.zip,202008-citibike-tripdata_3.csv,csv,61884132,13,ride_id|rideable_type|started_at|ended_at|start_station_name|start_station_id|end_station_name|end_station_id|start_lat|start_lng|end_lat|end_lng|member_casual,6127705166119836402
2020-citibike-tripdata,2020-citibike-tripdata/2020-citibike-tripdata/202008-citibike-tripdata.zip,nested_zip_member,True,extracted/2020-citibike-tripdata/2020-citibike-tripdata/202008-citibike-tripdata.zip,202008-citibike-tripdata_2.csv,csv,184402609,13,ride_id|rideable_type|started_at|ended_at|start_station_name|start_station_id|end_station_name|end_station_id|start_lat|start_lng|end_lat|end_lng|member_casual,6127705166119836402
2020-citibike-tripdata,2020-citibike-tripdata/2020-citibike-tripdata/202008-citibike-tripdata.zip,nested_zip_member,True,extracted/2020-citibike-tripdata/2020-citibike-tripdata/202008-citibike-tripdata.zip,202008-citibike-tripdata_1.csv,csv,185220405,13,ride_id|rideable_type|started_at|ended_at|start_station_name|start_station_id|end_station_name|end_station_id|start_lat|start_lng|end_lat|end_lng|member_casual,6127705166119836402
2020-citibike-tripdata,2020-citibike-tripdata/2020-citibike-tripdata/202002-citibike-tripdata.zip,nested_zip_member,True,extracted/2020-citibike-tripdata/2020-citibike-tripdata/202002-citibike-tripdata.zip,202002-citibike-tripdata_1.csv,csv,183403063,13,ride_id|rideable_type|started_at|ended_at|start_station_name|start_station_id|end_station_name|end_station_id|start_lat|start_lng|end_lat|end_lng|member_casual,6127705166119836402
2020-citibike-tripdata,2020-citibike-tripdata/2020-citibike-tripdata/202002-citibike-tripdata.zip,nested_zip_member,True,extracted/2020-citibike-tripdata/2020-citibike-tripdata/202002-citibike-tripdata.zip,202002-citibike-tripdata_2.csv,csv,27332243,13,ride_id|rideable_type|started_at|ended_at|start_station_name|start_station_id|end_station_name|end_station_id|start_lat|start_lng|end_lat|end_lng|member_casual,6127705166119836402
2020-citibike-tripdata,2020-citibike-tripdata/2020-citibike-tripdata/202005-citibike-tripdata.zip,nested_zip_member,True,extracted/2020-citibike-tripdata/2020-citibike-tripdata/202005-citibike-tripdata.zip,202005-citibike-tripdata_2.csv,csv,91248330,13,ride_id|rideable_type|started_at|ended_at|start_station_name|start_station_id|end_station_name|end_station_id|start_lat|start_lng|end_lat|end_lng|member_casual,6127705166119836402
2020-citibike-tripdata,2020-citibike-tripdata/2020-citibike-tripdata/202005-citibike-tripdata.zip,nested_zip_member,True,extracted/2020-citibike-tripdata/2020-citibike-tripdata/202005-citibike-tripdata.zip,202005-citibike-tripdata_1.csv,csv,184694949,13,ride_id|rideable_type|started_at|ended_at|start_station_name|start_station_id|end_station_name|end_station_id|start_lat|start_lng|end_lat|end_lng|member_casual,6127705166119836402
2020-citibike-tripdata,2020-citibike-tripdata/2020-citibike-tripdata/202011-citibike-tripdata.zip,nested_zip_member,True,extracted/2020-citibike-tripdata/2020-citibike-tripdata/202011-citibike-tripdata.zip,202011-citibike-tripdata_2.csv,csv,136924322,13,ride_id|rideable_type|started_at|ended_at|start_station_name|start_station_id|end_station_name|end_station_id|start_lat|start_lng|end_lat|end_lng|member_casual,6127705166119836402
2020-citibike-tripdata,2020-citibike-tripdata/2020-citibike-tripdata/202011-citibike-tripdata.zip,nested_zip_member,True,extracted/2020-citibike-tripdata/2020-citibike-tripdata/202011-citibike-tripdata.zip,202011-citibike-tripdata_1.csv,csv,185079598,13,ride_id|rideable_type|started_at|ended_at|start_station_name|start_station_id|end_station_name|end_station_id|start_lat|start_lng|end_lat|end_lng|member_casual,6127705166119836402
2020-citibike-tripdata,2020-citibike-tripdata/2020-citibike-tripdata/202007-citibike-tripdata.zip,nested_zip_member,True,extracted/2020-citibike-tripdata/2020-citibike-tripdata/202007-citibike-tripdata.zip,202007-citibike-tripdata_2.csv,csv,184760255,13,ride_id|rideable_type|started_at|ended_at|start_station_name|start_station_id|end_station_name|end_station_id|start_lat|start_lng|end_lat|end_lng|member_casual,6127705166119836402
2020-citibike-tripdata,2020-citibike-tripdata/2020-citibike-tripdata/202007-citibike-tripdata.zip,nested_zip_member,True,extracted/2020-citibike-tripdata/2020-citibike-tripdata/202007-citibike-tripdata.zip,202007-citibike-tripdata_3.csv,csv,20601299,13,ride_id|rideable_type|started_at|ended_at|start_station_name|start_station_id|end_station_name|end_station_id|start_lat|start_lng|end_lat|end_lng|member_casual,6127705166119836402
2020-citibike-tripdata,2020-citibike-tripdata/2020-citibike-tripdata/202007-citibike-tripdata.zip,nested_zip_member,True,extracted/2020-citibike-tripdata/2020-citibike-tripdata/202007-citibike-tripdata.zip,202007-citibike-tripdata_1.csv,csv,184245650,13,ride_id|rideable_type|started_at|ended_at|start_station_name|start_station_id|end_station_name|end_station_id|start_lat|start_lng|end_lat|end_lng|member_casual,6127705166119836402
2020-citibike-tripdata,2020-citibike-tripdata/2020-citibike-tripdata/202009-citibike-tripdata.zip,nested_zip_member,True,extracted/2020-citibike-tripdata/2020-citibike-tripdata/202009-citibike-tripdata.zip,202009-citibike-tripdata_1.csv,csv,185339506,13,ride_id|rideable_type|started_at|ended_at|start_station_name|start_station_id|end_station_name|end_station_id|start_lat|start_lng|end_lat|end_lng|member_casual,6127705166119836402
2020-citibike-tripdata,2020-citibike-tripdata/2020-citibike-tripdata/202009-citibike-tripdata.zip,nested_zip_member,True,extracted/2020-citibike-tripdata/2020-citibike-tripdata/202009-citibike-tripdata.zip,202009-citibike-tripdata_2.csv,csv,184200388,13,ride_id|rideable_type|started_at|ended_at|start_station_name|start_station_id|end_station_name|end_station_id|start_lat|start_lng|end_lat|end_lng|member_casual,6127705166119836402
2020-citibike-tripdata,2020-citibike-tripdata/2020-citibike-tripdata/202009-citibike-tripdata.zip,nested_zip_member,True,extracted/2020-citibike-tripdata/2020-citibike-tripdata/202009-citibike-tripdata.zip,202009-citibike-tripdata_3.csv,csv,91438191,13,ride_id|rideable_type|started_at|ended_at|start_station_name|start_station_id|end_station_name|end_station_id|start_lat|start_lng|end_lat|end_lng|member_casual,6127705166119836402
2020-citibike-tripdata,2020-citibike-tripdata/2020-citibike-tripdata/202001-citibike-tripdata.zip,nested_zip_member,True,extracted/2020-citibike-tripdata/2020-citibike-tripdata/202001-citibike-tripdata.zip,202001-citibike-tripdata_2.csv,csv,44594351,13,ride_id|rideable_type|started_at|ended_at|start_station_name|start_station_id|end_station_name|end_station_id|start_lat|start_lng|end_lat|end_lng|member_casual,6127705166119836402
2020-citibike-tripdata,2020-citibike-tripdata/2020-citibike-tripdata/202001-citibike-tripdata.zip,nested_zip_member,True,extracted/2020-citibike-tripdata/2020-citibike-tripdata/202001-citibike-tripdata.zip,202001-citibike-tripdata_1.csv,csv,183255393,13,ride_id|rideable_type|started_at|ended_at|start_station_name|start_station_id|end_station_name|end_station_id|start_lat|start_lng|end_lat|end_lng|member_casual,6127705166119836402
2020-citibike-tripdata,2020-citibike-tripdata/2020-citibike-tripdata/202003-citibike-tripdata.zip,nested_zip_member,True,extracted/2020-citibike-tripdata/2020-citibike-tripdata/202003-citibike-tripdata.zip,202003-citibike-tripdata_2.csv,csv,13157832,13,ride_id|rideable_type|started_at|ended_at|start_station_name|start_station_id|end_station_name|end_station_id|start_lat|start_lng|end_lat|end_lng|member_casual,6127705166119836402
2020-citibike-tripdata,2020-citibike-tripdata/2020-citibike-tripdata/202003-citibike-tripdata.zip,nested_zip_member,True,extracted/2020-citibike-tripdata/2020-citibike-tripdata/202003-citibike-tripdata.zip,202003-citibike-tripdata_1.csv,csv,183834501,13,ride_id|rideable_type|started_at|ended_at|start_station_name|start_station_id|end_station_name|end_station_id|start_lat|start_lng|end_lat|end_lng|member_casual,6127705166119836402
2021-citibike-tripdata,2021-citibike-tripdata/2021-citibike-tripdata/202107-citibike-tripdata.zip,nested_zip_member,True,extracted/2021-citibike-tripdata/2021-citibike-tripdata/202107-citibike-tripdata.zip,202107-citibike-tripdata_4.csv,csv,4186710,13,ride_id|rideable_type|started_at|ended_at|start_station_name|start_station_id|end_station_name|end_station_id|start_lat|start_lng|end_lat|end_lng|member_casual,6127705166119836402
2021-citibike-tripdata,2021-citibike-tripdata/2021-citibike-tripdata/202107-citibike-tripdata.zip,nested_zip_member,True,extracted/2021-citibike-tripdata/2021-citibike-tripdata/202107-citibike-tripdata.zip,202107-citibike-tripdata_1.csv,csv,194283763,13,ride_id|rideable_type|started_at|ended_at|start_station_name|start_station_id|end_station_name|end_station_id|start_lat|start_lng|end_lat|end_lng|member_casual,6127705166119836402
2021-citibike-tripdata,2021-citibike-tripdata/2021-citibike-tripdata/202107-citibike-tripdata.zip,nested_zip_member,True,extracted/2021-citibike-tripdata/2021-citibike-tripdata/202107-citibike-tripdata.zip,202107-citibike-tripdata_3.csv,csv,194500374,13,ride_id|rideable_type|started_at|ended_at|start_station_name|start_station_id|end_station_name|end_station_id|start_lat|start_lng|end_lat|end_lng|member_casual,6127705166119836402
2021-citibike-tripdata,2021-citibike-tripdata/2021-citibike-tripdata/202107-citibike-tripdata.zip,nested_zip_member,True,extracted/2021-citibike-tripdata/2021-citibike-tripdata/202107-citibike-tripdata.zip,202107-citibike-tripdata_2.csv,csv,194444133,13,ride_id|rideable_type|started_at|ended_at|start_station_name|start_station_id|end_station_name|end_station_id|start_lat|start_lng|end_lat|end_lng|member_casual,6127705166119836402
2021-citibike-tripdata,2021-citibike-tripdata/2021-citibike-tripdata/202111-citibike-tripdata.zip,nested_zip_member,True,extracted/2021-citibike-tripdata/2021-citibike-tripdata/202111-citibike-tripdata.zip,202111-citibike-tripdata_1.csv,csv,194222747,13,ride_id|rideable_type|started_at|ended_at|start_station_name|start_station_id|end_station_name|end_station_id|start_lat|start_lng|end_lat|end_lng|member_casual,6127705166119836402
2021-citibike-tripdata,2021-citibike-tripdata/2021-citibike-tripdata/202111-citibike-tripdata.zip,nested_zip_member,True,extracted/2021-citibike-tripdata/2021-citibike-tripdata/202111-citibike-tripdata.zip,202111-citibike-tripdata_2.csv,csv,194777150,13,ride_id|rideable_type|started_at|ended_at|start_station_name|start_station_id|end_station_name|end_station_id|start_lat|start_lng|end_lat|end_lng|member_casual,6127705166119836402
2021-citibike-tripdata,2021-citibike-tripdata/2021-citibike-tripdata/202111-citibike-tripdata.zip,nested_zip_member,True,extracted/2021-citibike-tripdata/2021-citibike-tripdata/202111-citibike-tripdata.zip,202111-citibike-tripdata_3.csv,csv,22106491,13,ride_id|rideable_type|started_at|ended_at|start_station_name|start_station_id|end_station_name|end_station_id|start_lat|start_lng|end_lat|end_lng|member_casual,6127705166119836402
2021-citibike-tripdata,2021-citibike-tripdata/2021-citibike-tripdata/202105-citibike-tripdata.zip,nested_zip_member,True,extracted/2021-citibike-tripdata/2021-citibike-tripdata/202105-citibike-tripdata.zip,202105-citibike-tripdata_1.csv,csv,189790609,13,ride_id|rideable_type|started_at|ended_at|start_station_name|start_station_id|end_station_name|end_station_id|start_lat|start_lng|end_lat|end_lng|member_casual,6127705166119836402
2021-citibike-tripdata,2021-citibike-tripdata/2021-citibike-tripdata/202105-citibike-tripdata.zip,nested_zip_member,True,extracted/2021-citibike-tripdata/2021-citibike-tripdata/202105-citibike-tripdata.zip,202105-citibike-tripdata_2.csv,csv,189955297,13,ride_id|rideable_type|started_at|ended_at|start_station_name|start_station_id|end_station_name|end_station_id|start_lat|start_lng|end_lat|end_lng|member_casual,6127705166119836402
2021-citibike-tripdata,2021-citibike-tripdata/2021-citibike-tripdata/202105-citibike-tripdata.zip,nested_zip_member,True,extracted/2021-citibike-tripdata/2021-citibike-tripdata/202105-citibike-tripdata.zip,202105-citibike-tripdata_3.csv,csv,126329447,13,ride_id|rideable_type|started_at|ended_at|start_station_name|start_station_id|end_station_name|end_station_id|start_lat|start_lng|end_lat|end_lng|member_casual,6127705166119836402
2021-citibike-tripdata,2021-citibike-tripdata/2021-citibike-tripdata/202103-citibike-tripdata.zip,nested_zip_member,True,extracted/2021-citibike-tripdata/2021-citibike-tripdata/202103-citibike-tripdata.zip,202103-citibike-tripdata_1.csv,csv,188833899,13,ride_id|rideable_type|started_at|ended_at|start_station_name|start_station_id|end_station_name|end_station_id|start_lat|start_lng|end_lat|end_lng|member_casual,6127705166119836402
2021-citibike-tripdata,2021-citibike-tripdata/2021-citibike-tripdata/202103-citibike-tripdata.zip,nested_zip_member,True,extracted/2021-citibike-tripdata/2021-citibike-tripdata/202103-citibike-tripdata.zip,202103-citibike-tripdata_2.csv,csv,94071429,13,ride_id|rideable_type|started_at|ended_at|start_station_name|start_station_id|end_station_name|end_station_id|start_lat|start_lng|end_lat|end_lng|member_casual,6127705166119836402
2021-citibike-tripdata,2021-citibike-tripdata/2021-citibike-tripdata/202101-citibike-tripdata.zip,nested_zip_member,True,extracted/2021-citibike-tripdata/2021-citibike-tripdata/202101-citibike-tripdata.zip,202101-citibike-tripdata_1.csv,csv,184470548,13,ride_id|rideable_type|started_at|ended_at|start_station_name|start_station_id|end_station_name|end_station_id|start_lat|start_lng|end_lat|end_lng|member_casual,6127705166119836402
2021-citibike-tripdata,2021-citibike-tripdata/2021-citibike-tripdata/202101-citibike-tripdata.zip,nested_zip_member,True,extracted/2021-citibike-tripdata/2021-citibike-tripdata/202101-citibike-tripdata.zip,202101-citibike-tripdata_2.csv,csv,18168713,13,ride_id|rideable_type|started_at|ended_at|start_station_name|start_station_id|end_station_name|end_station_id|start_lat|start_lng|end_lat|end_lng|member_casual,6127705166119836402
2021-citibike-tripdata,2021-citibike-tripdata/2021-citibike-tripdata/202109-citibike-tripdata.zip,nested_zip_member,True,extracted/2021-citibike-tripdata/2021-citibike-tripdata/202109-citibike-tripdata.zip,202109-citibike-tripdata_3.csv,csv,194154392,13,ride_id|rideable_type|started_at|ended_at|start_station_name|start_station_id|end_station_name|end_station_id|start_lat|start_lng|end_lat|end_lng|member_casual,6127705166119836402
2021-citibike-tripdata,2021-citibike-tripdata/2021-citibike-tripdata/202109-citibike-tripdata.zip,nested_zip_member,True,extracted/2021-citibike-tripdata/2021-citibike-tripdata/202109-citibike-tripdata.zip,202109-citibike-tripdata_2.csv,csv,193773253,13,ride_id|rideable_type|started_at|ended_at|start_station_name|start_station_id|end_station_name|end_station_id|start_lat|start_lng|end_lat|end_lng|member_casual,6127705166119836402
2021-citibike-tripdata,2021-citibike-tripdata/2021-citibike-tripdata/202109-citibike-tripdata.zip,nested_zip_member,True,extracted/2021-citibike-tripdata/2021-citibike-tripdata/202109-citibike-tripdata.zip,202109-citibike-tripdata_1.csv,csv,195453996,13,ride_id|rideable_type|started_at|ended_at|start_station_name|start_station_id|end_station_name|end_station_id|start_lat|start_lng|end_lat|end_lng|member_casual,6127705166119836402
2021-citibike-tripdata,2021-citibike-tripdata/2021-citibike-tripdata/202109-citibike-tripdata.zip,nested_zip_member,True,extracted/2021-citibike-tripdata/2021-citibike-tripdata/202109-citibike-tripdata.zip,202109-citibike-tripdata_4.csv,csv,43162054,13,ride_id|rideable_type|started_at|ended_at|start_station_name|start_station_id|end_station_name|end_station_id|start_lat|start_lng|end_lat|end_lng|member_casual,6127705166119836402
2021-citibike-tripdata,2021-citibike-tripdata/2021-citibike-tripdata/202110-citibike-tripdata.zip,nested_zip_member,True,extracted/2021-citibike-tripdata/2021-citibike-tripdata/202110-citibike-tripdata.zip,202110-citibike-tripdata_3.csv,csv,194829624,13,ride_id|rideable_type|started_at|ended_at|start_station_name|start_station_id|end_station_name|end_station_id|start_lat|start_lng|end_lat|end_lng|member_casual,6127705166119836402
2021-citibike-tripdata,2021-citibike-tripdata/2021-citibike-tripdata/202110-citibike-tripdata.zip,nested_zip_member,True,extracted/2021-citibike-tripdata/2021-citibike-tripdata/202110-citibike-tripdata.zip,202110-citibike-tripdata_2.csv,csv,193816026,13,ride_id|rideable_type|started_at|ended_at|start_station_name|start_station_id|end_station_name|end_station_id|start_lat|start_lng|end_lat|end_lng|member_casual,6127705166119836402
2021-citibike-tripdata,2021-citibike-tripdata/2021-citibike-tripdata/202110-citibike-tripdata.zip,nested_zip_member,True,extracted/2021-citibike-tripdata/2021-citibike-tripdata/202110-citibike-tripdata.zip,202110-citibike-tripdata_1.csv,csv,195118114,13,ride_id|rideable_type|started_at|ended_at|start_station_name|start_station_id|end_station_name|end_station_id|start_lat|start_lng|end_lat|end_lng|member_casual,6127705166119836402
2021-citibike-tripdata,2021-citibike-tripdata/2021-citibike-tripdata/202110-citibike-tripdata.zip,nested_zip_member,True,extracted/2021-citibike-tripdata/2021-citibike-tripdata/202110-citibike-tripdata.zip,202110-citibike-tripdata_4.csv,csv,2130719,13,ride_id|rideable_type|started_at|ended_at|start_station_name|start_station_id|end_station_name|end_station_id|start_lat|start_lng|end_lat|end_lng|member_casual,6127705166119836402
2021-citibike-tripdata,2021-citibike-tripdata/2021-citibike-tripdata/202106-citibike-tripdata.zip,nested_zip_member,True,extracted/2021-citibike-tripdata/2021-citibike-tripdata/202106-citibike-tripdata.zip,202106-citibike-tripdata_2.csv,csv,192045111,13,ride_id|rideable_type|started_at|ended_at|start_station_name|start_station_id|end_station_name|end_station_id|start_lat|start_lng|end_lat|end_lng|member_casual,6127705166119836402
2021-citibike-tripdata,2021-citibike-tripdata/2021-citibike-tripdata/202106-citibike-tripdata.zip,nested_zip_member,True,extracted/2021-citibike-tripdata/2021-citibike-tripdata/202106-citibike-tripdata.zip,202106-citibike-tripdata_3.csv,csv,190880947,13,ride_id|rideable_type|started_at|ended_at|start_station_name|start_station_id|end_station_name|end_station_id|start_lat|start_lng|end_lat|end_lng|member_casual,6127705166119836402
2021-citibike-tripdata,2021-citibike-tripdata/2021-citibike-tripdata/202106-citibike-tripdata.zip,nested_zip_member,True,extracted/2021-citibike-tripdata/2021-citibike-tripdata/202106-citibike-tripdata.zip,202106-citibike-tripdata_1.csv,csv,191129704,13,ride_id|rideable_type|started_at|ended_at|start_station_name|start_station_id|end_station_name|end_station_id|start_lat|start_lng|end_lat|end_lng|member_casual,6127705166119836402
2021-citibike-tripdata,2021-citibike-tripdata/2021-citibike-tripdata/202106-citibike-tripdata.zip,nested_zip_member,True,extracted/2021-citibike-tripdata/2021-citibike-tripdata/202106-citibike-tripdata.zip,202106-citibike-tripdata_4.csv,csv,21482904,13,ride_id|rideable_type|started_at|ended_at|start_station_name|start_station_id|end_station_name|end_station_id|start_lat|start_lng|end_lat|end_lng|member_casual,6127705166119836402
2021-citibike-tripdata,2021-citibike-tripdata/2021-citibike-tripdata/202112-citibike-tripdata.zip,nested_zip_member,True,extracted/2021-citibike-tripdata/2021-citibike-tripdata/202112-citibike-tripdata.zip,202112-citibike-tripdata_2.csv,csv,137274818,13,ride_id|rideable_type|started_at|ended_at|start_station_name|start_station_id|end_station_name|end_station_id|start_lat|start_lng|end_lat|end_lng|member_casual,6127705166119836402
2021-citibike-tripdata,2021-citibike-tripdata/2021-citibike-tripdata/202112-citibike-tripdata.zip,nested_zip_member,True,extracted/2021-citibike-tripdata/2021-citibike-tripdata/202112-citibike-tripdata.zip,202112-citibike-tripdata_1.csv,csv,194772867,13,ride_id|rideable_type|started_at|ended_at|start_station_name|start_station_id|end_station_name|end_station_id|start_lat|start_lng|end_lat|end_lng|member_casual,6127705166119836402
2021-citibike-tripdata,2021-citibike-tripdata/2021-citibike-tripdata/202104-citibike-tripdata.zip,nested_zip_member,True,extracted/2021-citibike-tripdata/2021-citibike-tripdata/202104-citibike-tripdata.zip,202104-citibike-tripdata_3.csv,csv,4877925,13,ride_id|rideable_type|started_at|ended_at|start_station_name|start_station_id|end_station_name|end_station_id|start_lat|start_lng|end_lat|end_lng|member_casual,6127705166119836402
2021-citibike-tripdata,2021-citibike-tripdata/2021-citibike-tripdata/202104-citibike-tripdata.zip,nested_zip_member,True,extracted/2021-citibike-tripdata/2021-citibike-tripdata/202104-citibike-tripdata.zip,202104-citibike-tripdata_2.csv,csv,189636843,13,ride_id|rideable_type|started_at|ended_at|start_station_name|start_station_id|end_station_name|end_station_id|start_lat|start_lng|end_lat|end_lng|member_casual,6127705166119836402
2021-citibike-tripdata,2021-citibike-tripdata/2021-citibike-tripdata/202104-citibike-tripdata.zip,nested_zip_member,True,extracted/2021-citibike-tripdata/2021-citibike-tripdata/202104-citibike-tripdata.zip,202104-citibike-tripdata_1.csv,csv,188843286,13,ride_id|rideable_type|started_at|ended_at|start_station_name|start_station_id|end_station_name|end_station_id|start_lat|start_lng|end_lat|end_lng|member_casual,6127705166119836402
2021-citibike-tripdata,2021-citibike-tripdata/2021-citibike-tripdata/202102-citibike-tripdata.zip,nested_zip_member,True,extracted/2021-citibike-tripdata/2021-citibike-tripdata/202102-citibike-tripdata.zip,202102-citibike-tripdata_1.csv,csv,119444241,13,ride_id|rideable_type|started_at|ended_at|start_station_name|start_station_id|end_station_name|end_station_id|start_lat|start_lng|end_lat|end_lng|member_casual,6127705166119836402
2021-citibike-tripdata,2021-citibike-tripdata/2021-citibike-tripdata/202108-citibike-tripdata.zip,nested_zip_member,True,extracted/2021-citibike-tripdata/2021-citibike-tripdata/202108-citibike-tripdata.zip,202108-citibike-tripdata_4.csv,csv,2551926,13,ride_id|rideable_type|started_at|ended_at|start_station_name|start_station_id|end_station_name|end_station_id|start_lat|start_lng|end_lat|end_lng|member_casual,6127705166119836402
2021-citibike-tripdata,2021-citibike-tripdata/2021-citibike-tripdata/202108-citibike-tripdata.zip,nested_zip_member,True,extracted/2021-citibike-tripdata/2021-citibike-tripdata/202108-citibike-tripdata.zip,202108-citibike-tripdata_1.csv,csv,194110536,13,ride_id|rideable_type|started_at|ended_at|start_station_name|start_station_id|end_station_name|end_station_id|start_lat|start_lng|end_lat|end_lng|member_casual,6127705166119836402
2021-citibike-tripdata,2021-citibike-tripdata/2021-citibike-tripdata/202108-citibike-tripdata.zip,nested_zip_member,True,extracted/2021-citibike-tripdata/2021-citibike-tripdata/202108-citibike-tripdata.zip,202108-citibike-tripdata_2.csv,csv,195303047,13,ride_id|rideable_type|started_at|ended_at|start_station_name|start_station_id|end_station_name|end_station_id|start_lat|start_lng|end_lat|end_lng|member_casual,6127705166119836402
2021-citibike-tripdata,2021-citibike-tripdata/2021-citibike-tripdata/202108-citibike-tripdata.zip,nested_zip_member,True,extracted/2021-citibike-tripdata/2021-citibike-tripdata/202108-citibike-tripdata.zip,202108-citibike-tripdata_3.csv,csv,193972911,13,ride_id|rideable_type|started_at|ended_at|start_station_name|start_station_id|end_station_name|end_station_id|start_lat|start_lng|end_lat|end_lng|member_casual,6127705166119836402
2022-citibike-tripdata,2022-citibike-tripdata/2022-citibike-tripdata/202209-citibike-tripdata.zip,nested_zip_member,True,extracted/2022-citibike-tripdata/2022-citibike-tripdata/202209-citibike-tripdata.zip,202209-citibike-tripdata_4.csv,csv,80508418,13,ride_id|rideable_type|started_at|ended_at|start_station_name|start_station_id|end_station_name|end_station_id|start_lat|start_lng|end_lat|end_lng|member_casual,6127705166119836402
2022-citibike-tripdata,2022-citibike-tripdata/2022-citibike-tripdata/202209-citibike-tripdata.zip,nested_zip_member,True,extracted/2022-citibike-tripdata/2022-citibike-tripdata/202209-citibike-tripdata.zip,202209-citibike-tripdata_1.csv,csv,195501759,13,ride_id|rideable_type|started_at|ended_at|start_station_name|start_station_id|end_station_name|end_station_id|start_lat|start_lng|end_lat|end_lng|member_casual,6127705166119836402
2022-citibike-tripdata,2022-citibike-tripdata/2022-citibike-tripdata/202209-citibike-tripdata.zip,nested_zip_member,True,extracted/2022-citibike-tripdata/2022-citibike-tripdata/202209-citibike-tripdata.zip,202209-citibike-tripdata_2.csv,csv,195838414,13,ride_id|rideable_type|started_at|ended_at|start_station_name|start_station_id|end_station_name|end_station_id|start_lat|start_lng|end_lat|end_lng|member_casual,6127705166119836402
2022-citibike-tripdata,2022-citibike-tripdata/2022-citibike-tripdata/202209-citibike-tripdata.zip,nested_zip_member,True,extracted/2022-citibike-tripdata/2022-citibike-tripdata/202209-citibike-tripdata.zip,202209-citibike-tripdata_3.csv,csv,196480293,13,ride_id|rideable_type|started_at|ended_at|start_station_name|start_station_id|end_station_name|end_station_id|start_lat|start_lng|end_lat|end_lng|member_casual,6127705166119836402
2022-citibike-tripdata,2022-citibike-tripdata/2022-citibike-tripdata/202201-citibike-tripdata.zip,nested_zip_member,True,extracted/2022-citibike-tripdata/2022-citibike-tripdata/202201-citibike-tripdata.zip,202201-citibike-tripdata_2.csv,csv,4719069,13,ride_id|rideable_type|started_at|ended_at|start_station_name|start_station_id|end_station_name|end_station_id|start_lat|start_lng|end_lat|end_lng|member_casual,6127705166119836402
2022-citibike-tripdata,2022-citibike-tripdata/2022-citibike-tripdata/202201-citibike-tripdata.zip,nested_zip_member,True,extracted/2022-citibike-tripdata/2022-citibike-tripdata/202201-citibike-tripdata.zip,202201-citibike-tripdata_1.csv,csv,194571711,13,ride_id|rideable_type|started_at|ended_at|start_station_name|start_station_id|end_station_name|end_station_id|start_lat|start_lng|end_lat|end_lng|member_casual,6127705166119836402
2022-citibike-tripdata,2022-citibike-tripdata/2022-citibike-tripdata/202203-citibike-tripdata.zip,nested_zip_member,True,extracted/2022-citibike-tripdata/2022-citibike-tripdata/202203-citibike-tripdata.zip,202203-citibike-tripdata_2.csv,csv,165146157,13,ride_id|rideable_type|started_at|ended_at|start_station_name|start_station_id|end_station_name|end_station_id|start_lat|start_lng|end_lat|end_lng|member_casual,6127705166119836402
2022-citibike-tripdata,2022-citibike-tripdata/2022-citibike-tripdata/202203-citibike-tripdata.zip,nested_zip_member,True,extracted/2022-citibike-tripdata/2022-citibike-tripdata/202203-citibike-tripdata.zip,202203-citibike-tripdata_1.csv,csv,195314852,13,ride_id|rideable_type|started_at|ended_at|start_station_name|start_station_id|end_station_name|end_station_id|start_lat|start_lng|end_lat|end_lng|member_casual,6127705166119836402
2022-citibike-tripdata,2022-citibike-tripdata/2022-citibike-tripdata/202205-citibike-tripdata.zip,nested_zip_member,True,extracted/2022-citibike-tripdata/2022-citibike-tripdata/202205-citibike-tripdata.zip,202205-citibike-tripdata_3.csv,csv,168857678,13,ride_id|rideable_type|started_at|ended_at|start_station_name|start_station_id|end_station_name|end_station_id|start_lat|start_lng|end_lat|end_lng|member_casual,6127705166119836402
2022-citibike-tripdata,2022-citibike-tripdata/2022-citibike-tripdata/202205-citibike-tripdata.zip,nested_zip_member,True,extracted/2022-citibike-tripdata/2022-citibike-tripdata/202205-citibike-tripdata.zip,202205-citibike-tripdata_2.csv,csv,195841534,13,ride_id|rideable_type|started_at|ended_at|start_station_name|start_station_id|end_station_name|end_station_id|start_lat|start_lng|end_lat|end_lng|member_casual,6127705166119836402
2022-citibike-tripdata,2022-citibike-tripdata/2022-citibike-tripdata/202205-citibike-tripdata.zip,nested_zip_member,True,extracted/2022-citibike-tripdata/2022-citibike-tripdata/202205-citibike-tripdata.zip,202205-citibike-tripdata_1.csv,csv,195910701,13,ride_id|rideable_type|started_at|ended_at|start_station_name|start_station_id|end_station_name|end_station_id|start_lat|start_lng|end_lat|end_lng|member_casual,6127705166119836402
2022-citibike-tripdata,2022-citibike-tripdata/2022-citibike-tripdata/202207-citibike-tripdata.zip,nested_zip_member,True,extracted/2022-citibike-tripdata/2022-citibike-tripdata/202207-citibike-tripdata.zip,202207-citibike-tripdata_2.csv,csv,195557716,13,ride_id|rideable_type|started_at|ended_at|start_station_name|start_station_id|end_station_name|end_station_id|start_lat|start_lng|end_lat|end_lng|member_casual,6127705166119836402
2022-citibike-tripdata,2022-citibike-tripdata/2022-citibike-tripdata/202207-citibike-tripdata.zip,nested_zip_member,True,extracted/2022-citibike-tripdata/2022-citibike-tripdata/202207-citibike-tripdata.zip,202207-citibike-tripdata_3.csv,csv,196741427,13,ride_id|rideable_type|started_at|ended_at|start_station_name|start_station_id|end_station_name|end_station_id|start_lat|start_lng|end_lat|end_lng|member_casual,6127705166119836402
2022-citibike-tripdata,2022-citibike-tripdata/2022-citibike-tripdata/202207-citibike-tripdata.zip,nested_zip_member,True,extracted/2022-citibike-tripdata/2022-citibike-tripdata/202207-citibike-tripdata.zip,202207-citibike-tripdata_1.csv,csv,195663477,13,ride_id|rideable_type|started_at|ended_at|start_station_name|start_station_id|end_station_name|end_station_id|start_lat|start_lng|end_lat|end_lng|member_casual,6127705166119836402
2022-citibike-tripdata,2022-citibike-tripdata/2022-citibike-tripdata/202207-citibike-tripdata.zip,nested_zip_member,True,extracted/2022-citibike-tripdata/2022-citibike-tripdata/202207-citibike-tripdata.zip,202207-citibike-tripdata_4.csv,csv,77853330,13,ride_id|rideable_type|started_at|ended_at|start_station_name|start_station_id|end_station_name|end_station_id|start_lat|start_lng|end_lat|end_lng|member_casual,6127705166119836402
2022-citibike-tripdata,2022-citibike-tripdata/2022-citibike-tripdata/202211-citibike-tripdata.zip,nested_zip_member,True,extracted/2022-citibike-tripdata/2022-citibike-tripdata/202211-citibike-tripdata.zip,202211-citibike-tripdata_3.csv,csv,75725717,13,ride_id|rideable_type|started_at|ended_at|start_station_name|start_station_id|end_station_name|end_station_id|start_lat|start_lng|end_lat|end_lng|member_casual,6127705166119836402
2022-citibike-tripdata,2022-citibike-tripdata/2022-citibike-tripdata/202211-citibike-tripdata.zip,nested_zip_member,True,extracted/2022-citibike-tripdata/2022-citibike-tripdata/202211-citibike-tripdata.zip,202211-citibike-tripdata_2.csv,csv,195677707,13,ride_id|rideable_type|started_at|ended_at|start_station_name|start_station_id|end_station_name|end_station_id|start_lat|start_lng|end_lat|end_lng|member_casual,6127705166119836402
2022-citibike-tripdata,2022-citibike-tripdata/2022-citibike-tripdata/202211-citibike-tripdata.zip,nested_zip_member,True,extracted/2022-citibike-tripdata/2022-citibike-tripdata/202211-citibike-tripdata.zip,202211-citibike-tripdata_1.csv,csv,195900795,13,ride_id|rideable_type|started_at|ended_at|start_station_name|start_station_id|end_station_name|end_station_id|start_lat|start_lng|end_lat|end_lng|member_casual,6127705166119836402
2022-citibike-tripdata,2022-citibike-tripdata/2022-citibike-tripdata/202208-citibike-tripdata.zip,nested_zip_member,True,extracted/2022-citibike-tripdata/2022-citibike-tripdata/202208-citibike-tripdata.zip,202208-citibike-tripdata_3.csv,csv,194783052,13,ride_id|rideable_type|started_at|ended_at|start_station_name|start_station_id|end_station_name|end_station_id|start_lat|start_lng|end_lat|end_lng|member_casual,6127705166119836402
2022-citibike-tripdata,2022-citibike-tripdata/2022-citibike-tripdata/202208-citibike-tripdata.zip,nested_zip_member,True,extracted/2022-citibike-tripdata/2022-citibike-tripdata/202208-citibike-tripdata.zip,202208-citibike-tripdata_2.csv,csv,196067062,13,ride_id|rideable_type|started_at|ended_at|start_station_name|start_station_id|end_station_name|end_station_id|start_lat|start_lng|end_lat|end_lng|member_casual,6127705166119836402
2022-citibike-tripdata,2022-citibike-tripdata/2022-citibike-tripdata/202208-citibike-tripdata.zip,nested_zip_member,True,extracted/2022-citibike-tripdata/2022-citibike-tripdata/202208-citibike-tripdata.zip,202208-citibike-tripdata_1.csv,csv,196820590,13,ride_id|rideable_type|started_at|ended_at|start_station_name|start_station_id|end_station_name|end_station_id|start_lat|start_lng|end_lat|end_lng|member_casual,6127705166119836402
2022-citibike-tripdata,2022-citibike-tripdata/2022-citibike-tripdata/202208-citibike-tripdata.zip,nested_zip_member,True,extracted/2022-citibike-tripdata/2022-citibike-tripdata/202208-citibike-tripdata.zip,202208-citibike-tripdata_4.csv,csv,113174958,13,ride_id|rideable_type|started_at|ended_at|start_station_name|start_station_id|end_station_name|end_station_id|start_lat|start_lng|end_lat|end_lng|member_casual,6127705166119836402
2022-citibike-tripdata,2022-citibike-tripdata/2022-citibike-tripdata/202202-citibike-tripdata.zip,nested_zip_member,True,extracted/2022-citibike-tripdata/2022-citibike-tripdata/202202-citibike-tripdata.zip,202202-citibike-tripdata_1.csv,csv,194988061,13,ride_id|rideable_type|started_at|ended_at|start_station_name|start_station_id|end_station_name|end_station_id|start_lat|start_lng|end_lat|end_lng|member_casual,6127705166119836402
2022-citibike-tripdata,2022-citibike-tripdata/2022-citibike-tripdata/202202-citibike-tripdata.zip,nested_zip_member,True,extracted/2022-citibike-tripdata/2022-citibike-tripdata/202202-citibike-tripdata.zip,202202-citibike-tripdata_2.csv,csv,38628032,13,ride_id|rideable_type|started_at|ended_at|start_station_name|start_station_id|end_station_name|end_station_id|start_lat|start_lng|end_lat|end_lng|member_casual,6127705166119836402
2022-citibike-tripdata,2022-citibike-tripdata/2022-citibike-tripdata/202212-citibike-tripdata.zip,nested_zip_member,True,extracted/2022-citibike-tripdata/2022-citibike-tripdata/202212-citibike-tripdata.zip,202212-citibike-tripdata_1.csv,csv,195430495,13,ride_id|rideable_type|started_at|ended_at|start_station_name|start_station_id|end_station_name|end_station_id|start_lat|start_lng|end_lat|end_lng|member_casual,6127705166119836402
2022-citibike-tripdata,2022-citibike-tripdata/2022-citibike-tripdata/202212-citibike-tripdata.zip,nested_zip_member,True,extracted/2022-citibike-tripdata/2022-citibike-tripdata/202212-citibike-tripdata.zip,202212-citibike-tripdata_2.csv,csv,116428817,13,ride_id|rideable_type|started_at|ended_at|start_station_name|start_station_id|end_station_name|end_station_id|start_lat|start_lng|end_lat|end_lng|member_casual,6127705166119836402
2022-citibike-tripdata,2022-citibike-tripdata/2022-citibike-tripdata/202204-citibike-tripdata.zip,nested_zip_member,True,extracted/2022-citibike-tripdata/2022-citibike-tripdata/202204-citibike-tripdata.zip,202204-citibike-tripdata_1.csv,csv,195466527,13,ride_id|rideable_type|started_at|ended_at|start_station_name|start_station_id|end_station_name|end_station_id|start_lat|start_lng|end_lat|end_lng|member_casual,6127705166119836402
2022-citibike-tripdata,2022-citibike-tripdata/2022-citibike-tripdata/202204-citibike-tripdata.zip,nested_zip_member,True,extracted/2022-citibike-tripdata/2022-citibike-tripdata/202204-citibike-tripdata.zip,202204-citibike-tripdata_2.csv,csv,195548723,13,ride_id|rideable_type|started_at|ended_at|start_station_name|start_station_id|end_station_name|end_station_id|start_lat|start_lng|end_lat|end_lng|member_casual,6127705166119836402
2022-citibike-tripdata,2022-citibike-tripdata/2022-citibike-tripdata/202204-citibike-tripdata.zip,nested_zip_member,True,extracted/2022-citibike-tripdata/2022-citibike-tripdata/202204-citibike-tripdata.zip,202204-citibike-tripdata_3.csv,csv,51068235,13,ride_id|rideable_type|started_at|ended_at|start_station_name|start_station_id|end_station_name|end_station_id|start_lat|start_lng|end_lat|end_lng|member_casual,6127705166119836402
2022-citibike-tripdata,2022-citibike-tripdata/2022-citibike-tripdata/202210-citibike-tripdata.zip,nested_zip_member,True,extracted/2022-citibike-tripdata/2022-citibike-tripdata/202210-citibike-tripdata.zip,202210-citibike-tripdata_1.csv,csv,195359655,13,ride_id|rideable_type|started_at|ended_at|start_station_name|start_station_id|end_station_name|end_station_id|start_lat|start_lng|end_lat|end_lng|member_casual,6127705166119836402
2022-citibike-tripdata,2022-citibike-tripdata/2022-citibike-tripdata/202210-citibike-tripdata.zip,nested_zip_member,True,extracted/2022-citibike-tripdata/2022-citibike-tripdata/202210-citibike-tripdata.zip,202210-citibike-tripdata_2.csv,csv,196279373,13,ride_id|rideable_type|started_at|ended_at|start_station_name|start_station_id|end_station_name|end_station_id|start_lat|start_lng|end_lat|end_lng|member_casual,6127705166119836402
2022-citibike-tripdata,2022-citibike-tripdata/2022-citibike-tripdata/202210-citibike-tripdata.zip,nested_zip_member,True,extracted/2022-citibike-tripdata/2022-citibike-tripdata/202210-citibike-tripdata.zip,202210-citibike-tripdata_3.csv,csv,183987983,13,ride_id|rideable_type|started_at|ended_at|start_station_name|start_station_id|end_station_name|end_station_id|start_lat|start_lng|end_lat|end_lng|member_casual,6127705166119836402
2022-citibike-tripdata,2022-citibike-tripdata/2022-citibike-tripdata/202206-citibike-tripdata.zip,nested_zip_member,True,extracted/2022-citibike-tripdata/2022-citibike-tripdata/202206-citibike-tripdata.zip,202206-citibike-tripdata_4.csv,csv,67513097,13,ride_id|rideable_type|started_at|ended_at|start_station_name|start_station_id|end_station_name|end_station_id|start_lat|start_lng|end_lat|end_lng|member_casual,6127705166119836402
2022-citibike-tripdata,2022-citibike-tripdata/2022-citibike-tripdata/202206-citibike-tripdata.zip,nested_zip_member,True,extracted/2022-citibike-tripdata/2022-citibike-tripdata/202206-citibike-tripdata.zip,202206-citibike-tripdata_1.csv,csv,195841298,13,ride_id|rideable_type|started_at|ended_at|start_station_name|start_station_id|end_station_name|end_station_id|start_lat|start_lng|end_lat|end_lng|member_casual,6127705166119836402
2022-citibike-tripdata,2022-citibike-tripdata/2022-citibike-tripdata/202206-citibike-tripdata.zip,nested_zip_member,True,extracted/2022-citibike-tripdata/2022-citibike-tripdata/202206-citibike-tripdata.zip,202206-citibike-tripdata_3.csv,csv,195836098,13,ride_id|rideable_type|started_at|ended_at|start_station_name|start_station_id|end_station_name|end_station_id|start_lat|start_lng|end_lat|end_lng|member_casual,6127705166119836402
2022-citibike-tripdata,2022-citibike-tripdata/2022-citibike-tripdata/202206-citibike-tripdata.zip,nested_zip_member,True,extracted/2022-citibike-tripdata/2022-citibike-tripdata/202206-citibike-tripdata.zip,202206-citibike-tripdata_2.csv,csv,195810505,13,ride_id|rideable_type|started_at|ended_at|start_station_name|start_station_id|end_station_name|end_station_id|start_lat|start_lng|end_lat|end_lng|member_casual,6127705166119836402
2023-citibike-tripdata,2023-citibike-tripdata/2023-citibike-tripdata/202302-citibike-tripdata.zip,nested_zip_member,True,extracted/2023-citibike-tripdata/2023-citibike-tripdata/202302-citibike-tripdata.zip,202302-citibike-tripdata_2.csv,csv,136165036,13,ride_id|rideable_type|started_at|ended_at|start_station_name|start_station_id|end_station_name|end_station_id|start_lat|start_lng|end_lat|end_lng|member_casual,6127705166119836402
2023-citibike-tripdata,2023-citibike-tripdata/2023-citibike-tripdata/202302-citibike-tripdata.zip,nested_zip_member,True,extracted/2023-citibike-tripdata/2023-citibike-tripdata/202302-citibike-tripdata.zip,202302-citibike-tripdata_1.csv,csv,195500327,13,ride_id|rideable_type|started_at|ended_at|start_station_name|start_station_id|end_station_name|end_station_id|start_lat|start_lng|end_lat|end_lng|member_casual,6127705166119836402
2023-citibike-tripdata,2023-citibike-tripdata/2023-citibike-tripdata/202308-citibike-tripdata.zip,nested_zip_member,True,extracted/2023-citibike-tripdata/2023-citibike-tripdata/202308-citibike-tripdata.zip,202308-citibike-tripdata_4.csv,csv,189129948,13,ride_id|rideable_type|started_at|ended_at|start_station_name|start_station_id|end_station_name|end_station_id|start_lat|start_lng|end_lat|end_lng|member_casual,6127705166119836402
2023-citibike-tripdata,2023-citibike-tripdata/2023-citibike-tripdata/202308-citibike-tripdata.zip,nested_zip_member,True,extracted/2023-citibike-tripdata/2023-citibike-tripdata/202308-citibike-tripdata.zip,202308-citibike-tripdata_1.csv,csv,195548228,13,ride_id|rideable_type|started_at|ended_at|start_station_name|start_station_id|end_station_name|end_station_id|start_lat|start_lng|end_lat|end_lng|member_casual,6127705166119836402
2023-citibike-tripdata,2023-citibike-tripdata/2023-citibike-tripdata/202308-citibike-tripdata.zip,nested_zip_member,True,extracted/2023-citibike-tripdata/2023-citibike-tripdata/202308-citibike-tripdata.zip,202308-citibike-tripdata_2.csv,csv,195915111,13,ride_id|rideable_type|started_at|ended_at|start_station_name|start_station_id|end_station_name|end_station_id|start_lat|start_lng|end_lat|end_lng|member_casual,6127705166119836402
2023-citibike-tripdata,2023-citibike-tripdata/2023-citibike-tripdata/202308-citibike-tripdata.zip,nested_zip_member,True,extracted/2023-citibike-tripdata/2023-citibike-tripdata/202308-citibike-tripdata.zip,202308-citibike-tripdata_3.csv,csv,195755881,13,ride_id|rideable_type|started_at|ended_at|start_station_name|start_station_id|end_station_name|end_station_id|start_lat|start_lng|end_lat|end_lng|member_casual,6127705166119836402
2023-citibike-tripdata,2023-citibike-tripdata/2023-citibike-tripdata/202306-citibike-tripdata.zip,nested_zip_member,True,extracted/2023-citibike-tripdata/2023-citibike-tripdata/202306-citibike-tripdata.zip,202306-citibike-tripdata_2.csv,csv,195577168,13,ride_id|rideable_type|started_at|ended_at|start_station_name|start_station_id|end_station_name|end_station_id|start_lat|start_lng|end_lat|end_lng|member_casual,6127705166119836402
2023-citibike-tripdata,2023-citibike-tripdata/2023-citibike-tripdata/202306-citibike-tripdata.zip,nested_zip_member,True,extracted/2023-citibike-tripdata/2023-citibike-tripdata/202306-citibike-tripdata.zip,202306-citibike-tripdata_3.csv,csv,195991405,13,ride_id|rideable_type|started_at|ended_at|start_station_name|start_station_id|end_station_name|end_station_id|start_lat|start_lng|end_lat|end_lng|member_casual,6127705166119836402
2023-citibike-tripdata,2023-citibike-tripdata/2023-citibike-tripdata/202306-citibike-tripdata.zip,nested_zip_member,True,extracted/2023-citibike-tripdata/2023-citibike-tripdata/202306-citibike-tripdata.zip,202306-citibike-tripdata_1.csv,csv,195859996,13,ride_id|rideable_type|started_at|ended_at|start_station_name|start_station_id|end_station_name|end_station_id|start_lat|start_lng|end_lat|end_lng|member_casual,6127705166119836402
2023-citibike-tripdata,2023-citibike-tripdata/2023-citibike-tripdata/202306-citibike-tripdata.zip,nested_zip_member,True,extracted/2023-citibike-tripdata/2023-citibike-tripdata/202306-citibike-tripdata.zip,202306-citibike-tripdata_4.csv,csv,88173150,13,ride_id|rideable_type|started_at|ended_at|start_station_name|start_station_id|end_station_name|end_station_id|start_lat|start_lng|end_lat|end_lng|member_casual,6127705166119836402
2023-citibike-tripdata,2023-citibike-tripdata/2023-citibike-tripdata/202310-citibike-tripdata.zip,nested_zip_member,True,extracted/2023-citibike-tripdata/2023-citibike-tripdata/202310-citibike-tripdata.zip,202310-citibike-tripdata_3.csv,csv,195228529,13,ride_id|rideable_type|started_at|ended_at|start_station_name|start_station_id|end_station_name|end_station_id|start_lat|start_lng|end_lat|end_lng|member_casual,6127705166119836402
2023-citibike-tripdata,2023-citibike-tripdata/2023-citibike-tripdata/202310-citibike-tripdata.zip,nested_zip_member,True,extracted/2023-citibike-tripdata/2023-citibike-tripdata/202310-citibike-tripdata.zip,202310-citibike-tripdata_2.csv,csv,196407392,13,ride_id|rideable_type|started_at|ended_at|start_station_name|start_station_id|end_station_name|end_station_id|start_lat|start_lng|end_lat|end_lng|member_casual,6127705166119836402
2023-citibike-tripdata,2023-citibike-tripdata/2023-citibike-tripdata/202310-citibike-tripdata.zip,nested_zip_member,True,extracted/2023-citibike-tripdata/2023-citibike-tripdata/202310-citibike-tripdata.zip,202310-citibike-tripdata_1.csv,csv,195466420,13,ride_id|rideable_type|started_at|ended_at|start_station_name|start_station_id|end_station_name|end_station_id|start_lat|start_lng|end_lat|end_lng|member_casual,6127705166119836402
2023-citibike-tripdata,2023-citibike-tripdata/2023-citibike-tripdata/202310-citibike-tripdata.zip,nested_zip_member,True,extracted/2023-citibike-tripdata/2023-citibike-tripdata/202310-citibike-tripdata.zip,202310-citibike-tripdata_4.csv,csv,142312108,13,ride_id|rideable_type|started_at|ended_at|start_station_name|start_station_id|end_station_name|end_station_id|start_lat|start_lng|end_lat|end_lng|member_casual,6127705166119836402
2023-citibike-tripdata,2023-citibike-tripdata/2023-citibike-tripdata/202304-citibike-tripdata.zip,nested_zip_member,True,extracted/2023-citibike-tripdata/2023-citibike-tripdata/202304-citibike-tripdata.zip,202304-citibike-tripdata_3.csv,csv,146959262,13,ride_id|rideable_type|started_at|ended_at|start_station_name|start_station_id|end_station_name|end_station_id|start_lat|start_lng|end_lat|end_lng|member_casual,6127705166119836402
2023-citibike-tripdata,2023-citibike-tripdata/2023-citibike-tripdata/202304-citibike-tripdata.zip,nested_zip_member,True,extracted/2023-citibike-tripdata/2023-citibike-tripdata/202304-citibike-tripdata.zip,202304-citibike-tripdata_2.csv,csv,195699033,13,ride_id|rideable_type|started_at|ended_at|start_station_name|start_station_id|end_station_name|end_station_id|start_lat|start_lng|end_lat|end_lng|member_casual,6127705166119836402
2023-citibike-tripdata,2023-citibike-tripdata/2023-citibike-tripdata/202304-citibike-tripdata.zip,nested_zip_member,True,extracted/2023-citibike-tripdata/2023-citibike-tripdata/202304-citibike-tripdata.zip,202304-citibike-tripdata_1.csv,csv,195458863,13,ride_id|rideable_type|started_at|ended_at|start_station_name|start_station_id|end_station_name|end_station_id|start_lat|start_lng|end_lat|end_lng|member_casual,6127705166119836402
2023-citibike-tripdata,2023-citibike-tripdata/2023-citibike-tripdata/202312-citibike-tripdata.zip,nested_zip_member,True,extracted/2023-citibike-tripdata/2023-citibike-tripdata/202312-citibike-tripdata.zip,202312-citibike-tripdata_2.csv,csv,195232942,13,ride_id|rideable_type|started_at|ended_at|start_station_name|start_station_id|end_station_name|end_station_id|start_lat|start_lng|end_lat|end_lng|member_casual,6127705166119836402
2023-citibike-tripdata,2023-citibike-tripdata/2023-citibike-tripdata/202312-citibike-tripdata.zip,nested_zip_member,True,extracted/2023-citibike-tripdata/2023-citibike-tripdata/202312-citibike-tripdata.zip,202312-citibike-tripdata_3.csv,csv,40226501,13,ride_id|rideable_type|started_at|ended_at|start_station_name|start_station_id|end_station_name|end_station_id|start_lat|start_lng|end_lat|end_lng|member_casual,6127705166119836402
2023-citibike-tripdata,2023-citibike-tripdata/2023-citibike-tripdata/202312-citibike-tripdata.zip,nested_zip_member,True,extracted/2023-citibike-tripdata/2023-citibike-tripdata/202312-citibike-tripdata.zip,202312-citibike-tripdata_1.csv,csv,195694355,13,ride_id|rideable_type|started_at|ended_at|start_station_name|start_station_id|end_station_name|end_station_id|start_lat|start_lng|end_lat|end_lng|member_casual,6127705166119836402
2023-citibike-tripdata,2023-citibike-tripdata/2023-citibike-tripdata/202303-citibike-tripdata.zip,nested_zip_member,True,extracted/2023-citibike-tripdata/2023-citibike-tripdata/202303-citibike-tripdata.zip,202303-citibike-tripdata_1.csv,csv,195519558,13,ride_id|rideable_type|started_at|ended_at|start_station_name|start_station_id|end_station_name|end_station_id|start_lat|start_lng|end_lat|end_lng|member_casual,6127705166119836402
2023-citibike-tripdata,2023-citibike-tripdata/2023-citibike-tripdata/202303-citibike-tripdata.zip,nested_zip_member,True,extracted/2023-citibike-tripdata/2023-citibike-tripdata/202303-citibike-tripdata.zip,202303-citibike-tripdata_2.csv,csv,195506286,13,ride_id|rideable_type|started_at|ended_at|start_station_name|start_station_id|end_station_name|end_station_id|start_lat|start_lng|end_lat|end_lng|member_casual,6127705166119836402
2023-citibike-tripdata,2023-citibike-tripdata/2023-citibike-tripdata/202303-citibike-tripdata.zip,nested_zip_member,True,extracted/2023-citibike-tripdata/2023-citibike-tripdata/202303-citibike-tripdata.zip,202303-citibike-tripdata_3.csv,csv,23264426,13,ride_id|rideable_type|started_at|ended_at|start_station_name|start_station_id|end_station_name|end_station_id|start_lat|start_lng|end_lat|end_lng|member_casual,6127705166119836402
2023-citibike-tripdata,2023-citibike-tripdata/2023-citibike-tripdata/202301-citibike-tripdata.zip,nested_zip_member,True,extracted/2023-citibike-tripdata/2023-citibike-tripdata/202301-citibike-tripdata.zip,202301-citibike-tripdata_1.csv,csv,195546500,13,ride_id|rideable_type|started_at|ended_at|start_station_name|start_station_id|end_station_name|end_station_id|start_lat|start_lng|end_lat|end_lng|member_casual,6127705166119836402
2023-citibike-tripdata,2023-citibike-tripdata/2023-citibike-tripdata/202301-citibike-tripdata.zip,nested_zip_member,True,extracted/2023-citibike-tripdata/2023-citibike-tripdata/202301-citibike-tripdata.zip,202301-citibike-tripdata_2.csv,csv,155603759,13,ride_id|rideable_type|started_at|ended_at|start_station_name|start_station_id|end_station_name|end_station_id|start_lat|start_lng|end_lat|end_lng|member_casual,6127705166119836402
2023-citibike-tripdata,2023-citibike-tripdata/2023-citibike-tripdata/202309-citibike-tripdata.zip,nested_zip_member,True,extracted/2023-citibike-tripdata/2023-citibike-tripdata/202309-citibike-tripdata.zip,202309-citibike-tripdata_3.csv,csv,195572267,13,ride_id|rideable_type|started_at|ended_at|start_station_name|start_station_id|end_station_name|end_station_id|start_lat|start_lng|end_lat|end_lng|member_casual,6127705166119836402
2023-citibike-tripdata,2023-citibike-tripdata/2023-citibike-tripdata/202309-citibike-tripdata.zip,nested_zip_member,True,extracted/2023-citibike-tripdata/2023-citibike-tripdata/202309-citibike-tripdata.zip,202309-citibike-tripdata_2.csv,csv,196001255,13,ride_id|rideable_type|started_at|ended_at|start_station_name|start_station_id|end_station_name|end_station_id|start_lat|start_lng|end_lat|end_lng|member_casual,6127705166119836402
2023-citibike-tripdata,2023-citibike-tripdata/2023-citibike-tripdata/202309-citibike-tripdata.zip,nested_zip_member,True,extracted/2023-citibike-tripdata/2023-citibike-tripdata/202309-citibike-tripdata.zip,202309-citibike-tripdata_1.csv,csv,195865808,13,ride_id|rideable_type|started_at|ended_at|start_station_name|start_station_id|end_station_name|end_station_id|start_lat|start_lng|end_lat|end_lng|member_casual,6127705166119836402
2023-citibike-tripdata,2023-citibike-tripdata/2023-citibike-tripdata/202309-citibike-tripdata.zip,nested_zip_member,True,extracted/2023-citibike-tripdata/2023-citibike-tripdata/202309-citibike-tripdata.zip,202309-citibike-tripdata_4.csv,csv,92375815,13,ride_id|rideable_type|started_at|ended_at|start_station_name|start_station_id|end_station_name|end_station_id|start_lat|start_lng|end_lat|end_lng|member_casual,6127705166119836402
2023-citibike-tripdata,2023-citibike-tripdata/2023-citibike-tripdata/202311-citibike-tripdata.zip,nested_zip_member,True,extracted/2023-citibike-tripdata/2023-citibike-tripdata/202311-citibike-tripdata.zip,202311-citibike-tripdata_1.csv,csv,195573204,13,ride_id|rideable_type|started_at|ended_at|start_station_name|start_station_id|end_station_name|end_station_id|start_lat|start_lng|end_lat|end_lng|member_casual,6127705166119836402
2023-citibike-tripdata,2023-citibike-tripdata/2023-citibike-tripdata/202311-citibike-tripdata.zip,nested_zip_member,True,extracted/2023-citibike-tripdata/2023-citibike-tripdata/202311-citibike-tripdata.zip,202311-citibike-tripdata_2.csv,csv,195810919,13,ride_id|rideable_type|started_at|ended_at|start_station_name|start_station_id|end_station_name|end_station_id|start_lat|start_lng|end_lat|end_lng|member_casual,6127705166119836402
2023-citibike-tripdata,2023-citibike-tripdata/2023-citibike-tripdata/202311-citibike-tripdata.zip,nested_zip_member,True,extracted/2023-citibike-tripdata/2023-citibike-tripdata/202311-citibike-tripdata.zip,202311-citibike-tripdata_3.csv,csv,159693761,13,ride_id|rideable_type|started_at|ended_at|start_station_name|start_station_id|end_station_name|end_station_id|start_lat|start_lng|end_lat|end_lng|member_casual,6127705166119836402
2023-citibike-tripdata,2023-citibike-tripdata/2023-citibike-tripdata/202307-citibike-tripdata.zip,nested_zip_member,True,extracted/2023-citibike-tripdata/2023-citibike-tripdata/202307-citibike-tripdata.zip,202307-citibike-tripdata_4.csv,csv,129539807,13,ride_id|rideable_type|started_at|ended_at|start_station_name|start_station_id|end_station_name|end_station_id|start_lat|start_lng|end_lat|end_lng|member_casual,6127705166119836402
2023-citibike-tripdata,2023-citibike-tripdata/2023-citibike-tripdata/202307-citibike-tripdata.zip,nested_zip_member,True,extracted/2023-citibike-tripdata/2023-citibike-tripdata/202307-citibike-tripdata.zip,202307-citibike-tripdata_1.csv,csv,195875627,13,ride_id|rideable_type|started_at|ended_at|start_station_name|start_station_id|end_station_name|end_station_id|start_lat|start_lng|end_lat|end_lng|member_casual,6127705166119836402
2023-citibike-tripdata,2023-citibike-tripdata/2023-citibike-tripdata/202307-citibike-tripdata.zip,nested_zip_member,True,extracted/2023-citibike-tripdata/2023-citibike-tripdata/202307-citibike-tripdata.zip,202307-citibike-tripdata_3.csv,csv,195613520,13,ride_id|rideable_type|started_at|ended_at|start_station_name|start_station_id|end_station_name|end_station_id|start_lat|start_lng|end_lat|end_lng|member_casual,6127705166119836402
2023-citibike-tripdata,2023-citibike-tripdata/2023-citibike-tripdata/202307-citibike-tripdata.zip,nested_zip_member,True,extracted/2023-citibike-tripdata/2023-citibike-tripdata/202307-citibike-tripdata.zip,202307-citibike-tripdata_2.csv,csv,195801492,13,ride_id|rideable_type|started_at|ended_at|start_station_name|start_station_id|end_station_name|end_station_id|start_lat|start_lng|end_lat|end_lng|member_casual,6127705166119836402
2023-citibike-tripdata,2023-citibike-tripdata/2023-citibike-tripdata/202305-citibike-tripdata.zip,nested_zip_member,True,extracted/2023-citibike-tripdata/2023-citibike-tripdata/202305-citibike-tripdata.zip,202305-citibike-tripdata_4.csv,csv,88949434,13,ride_id|rideable_type|started_at|ended_at|start_station_name|start_station_id|end_station_name|end_station_id|start_lat|start_lng|end_lat|end_lng|member_casual,6127705166119836402
2023-citibike-tripdata,2023-citibike-tripdata/2023-citibike-tripdata/202305-citibike-tripdata.zip,nested_zip_member,True,extracted/2023-citibike-tripdata/2023-citibike-tripdata/202305-citibike-tripdata.zip,202305-citibike-tripdata_1.csv,csv,195530590,13,ride_id|rideable_type|started_at|ended_at|start_station_name|start_station_id|end_station_name|end_station_id|start_lat|start_lng|end_lat|end_lng|member_casual,6127705166119836402
2023-citibike-tripdata,2023-citibike-tripdata/2023-citibike-tripdata/202305-citibike-tripdata.zip,nested_zip_member,True,extracted/2023-citibike-tripdata/2023-citibike-tripdata/202305-citibike-tripdata.zip,202305-citibike-tripdata_2.csv,csv,195590194,13,ride_id|rideable_type|started_at|ended_at|start_station_name|start_station_id|end_station_name|end_station_id|start_lat|start_lng|end_lat|end_lng|member_casual,6127705166119836402
2023-citibike-tripdata,2023-citibike-tripdata/2023-citibike-tripdata/202305-citibike-tripdata.zip,nested_zip_member,True,extracted/2023-citibike-tripdata/2023-citibike-tripdata/202305-citibike-tripdata.zip,202305-citibike-tripdata_3.csv,csv,195612295,13,ride_id|rideable_type|started_at|ended_at|start_station_name|start_station_id|end_station_name|end_station_id|start_lat|start_lng|end_lat|end_lng|member_casual,6127705166119836402
